Record Length,2.500000e+03,,  20.842000000000,   0.26000,
Sample Interval,1.000000e-04,,  20.842100000000,   0.25800,
Trigger Point,-2.084200000000e+05,,  20.842200000000,   0.25800,
,,,  20.842300000000,   0.25600,
,,,  20.842400000000,   0.26800,
,,,  20.842500000000,   0.25000,
Source,CH1,,  20.842600000000,   0.27400,
Vertical Units,V,,  20.842700000000,   0.26000,
Vertical Scale,5.000000e-02,,  20.842800000000,   0.26000,
Vertical Offset,-1.600000e-01,,  20.842900000000,   0.26000,
Horizontal Units,s,,  20.843000000000,   0.26600,
Horizontal Scale,2.500000e-02,,  20.843100000000,   0.26400,
Pt Fmt,Y,,  20.843200000000,   0.26200,
Yzero,0.000000e+00,,  20.843300000000,   0.25800,
Probe Atten,1.000000e+00,,  20.843400000000,   0.26000,
Model Number,TDS2001C,,  20.843500000000,   0.26200,
Serial Number,C012118,,  20.843600000000,   0.26200,
Firmware Version,FV:v24.15,,  20.843700000000,   0.26600,
,,,20.843800000000,   0.26600,
,,,20.843900000000,   0.26600,
,,,20.844000000000,   0.25800,
,,,20.844100000000,   0.25600,
,,,20.844200000000,   0.25800,
,,,20.844300000000,   0.25800,
,,,20.844400000000,   0.26600,
,,,20.844500000000,   0.26400,
,,,20.844600000000,   0.25800,
,,,20.844700000000,   0.25800,
,,,20.844800000000,   0.25600,
,,,20.844900000000,   0.26400,
,,,20.845000000000,   0.25400,
,,,20.845100000000,   0.26600,
,,,20.845200000000,   0.26000,
,,,20.845300000000,   0.27000,
,,,20.845400000000,   0.25600,
,,,20.845500000000,   0.27000,
,,,20.845600000000,   0.26000,
,,,20.845700000000,   0.27200,
,,,20.845800000000,   0.25600,
,,,20.845900000000,   0.27200,
,,,20.846000000000,   0.25800,
,,,20.846100000000,   0.26200,
,,,20.846200000000,   0.26200,
,,,20.846300000000,   0.26200,
,,,20.846400000000,   0.26800,
,,,20.846500000000,   0.26800,
,,,20.846600000000,   0.26600,
,,,20.846700000000,   0.26000,
,,,20.846800000000,   0.26600,
,,,20.846900000000,   0.25800,
,,,20.847000000000,   0.26600,
,,,20.847100000000,   0.26600,
,,,20.847200000000,   0.26000,
,,,20.847300000000,   0.25000,
,,,20.847400000000,   0.27200,
,,,20.847500000000,   0.26000,
,,,20.847600000000,   0.27600,
,,,20.847700000000,   0.26000,
,,,20.847800000000,   0.26800,
,,,20.847900000000,   0.26000,
,,,20.848000000000,   0.27200,
,,,20.848100000000,   0.26000,
,,,20.848200000000,   0.26000,
,,,20.848300000000,   0.27200,
,,,20.848400000000,   0.26600,
,,,20.848500000000,   0.26800,
,,,20.848600000000,   0.26400,
,,,20.848700000000,   0.26200,
,,,20.848800000000,   0.25400,
,,,20.848900000000,   0.27000,
,,,20.849000000000,   0.25000,
,,,20.849100000000,   0.27200,
,,,20.849200000000,   0.25600,
,,,20.849300000000,   0.26800,
,,,20.849400000000,   0.26000,
,,,20.849500000000,   0.27200,
,,,20.849600000000,   0.24800,
,,,20.849700000000,   0.27400,
,,,20.849800000000,   0.25400,
,,,20.849900000000,   0.26600,
,,,20.850000000000,   0.26200,
,,,20.850100000000,   0.27000,
,,,20.850200000000,   0.25200,
,,,20.850300000000,   0.26600,
,,,20.850400000000,   0.25400,
,,,20.850500000000,   0.27600,
,,,20.850600000000,   0.25400,
,,,20.850700000000,   0.27200,
,,,20.850800000000,   0.25600,
,,,20.850900000000,   0.27000,
,,,20.851000000000,   0.25600,
,,,20.851100000000,   0.26400,
,,,20.851200000000,   0.26400,
,,,20.851300000000,   0.26200,
,,,20.851400000000,   0.26400,
,,,20.851500000000,   0.25200,
,,,20.851600000000,   0.26800,
,,,20.851700000000,   0.25400,
,,,20.851800000000,   0.27200,
,,,20.851900000000,   0.25000,
,,,20.852000000000,   0.27200,
,,,20.852100000000,   0.25200,
,,,20.852200000000,   0.27600,
,,,20.852300000000,   0.25600,
,,,20.852400000000,   0.26800,
,,,20.852500000000,   0.25600,
,,,20.852600000000,   0.26600,
,,,20.852700000000,   0.26000,
,,,20.852800000000,   0.27000,
,,,20.852900000000,   0.25800,
,,,20.853000000000,   0.26400,
,,,20.853100000000,   0.25200,
,,,20.853200000000,   0.26200,
,,,20.853300000000,   0.25800,
,,,20.853400000000,   0.27200,
,,,20.853500000000,   0.26200,
,,,20.853600000000,   0.26600,
,,,20.853700000000,   0.25800,
,,,20.853800000000,   0.26200,
,,,20.853900000000,   0.26200,
,,,20.854000000000,   0.26000,
,,,20.854100000000,   0.26200,
,,,20.854200000000,   0.25400,
,,,20.854300000000,   0.27000,
,,,20.854400000000,   0.25400,
,,,20.854500000000,   0.26600,
,,,20.854600000000,   0.25000,
,,,20.854700000000,   0.27000,
,,,20.854800000000,   0.24800,
,,,20.854900000000,   0.28000,
,,,20.855000000000,   0.24800,
,,,20.855100000000,   0.27000,
,,,20.855200000000,   0.25400,
,,,20.855300000000,   0.26800,
,,,20.855400000000,   0.25800,
,,,20.855500000000,   0.26800,
,,,20.855600000000,   0.26200,
,,,20.855700000000,   0.25600,
,,,20.855800000000,   0.26000,
,,,20.855900000000,   0.26000,
,,,20.856000000000,   0.27000,
,,,20.856100000000,   0.25600,
,,,20.856200000000,   0.27600,
,,,20.856300000000,   0.26200,
,,,20.856400000000,   0.26800,
,,,20.856500000000,   0.25400,
,,,20.856600000000,   0.27400,
,,,20.856700000000,   0.26200,
,,,20.856800000000,   0.27600,
,,,20.856900000000,   0.25200,
,,,20.857000000000,   0.27000,
,,,20.857100000000,   0.25600,
,,,20.857200000000,   0.26200,
,,,20.857300000000,   0.25000,
,,,20.857400000000,   0.27400,
,,,20.857500000000,   0.25800,
,,,20.857600000000,   0.27000,
,,,20.857700000000,   0.25600,
,,,20.857800000000,   0.27400,
,,,20.857900000000,   0.25800,
,,,20.858000000000,   0.27000,
,,,20.858100000000,   0.26000,
,,,20.858200000000,   0.26400,
,,,20.858300000000,   0.25600,
,,,20.858400000000,   0.27200,
,,,20.858500000000,   0.26200,
,,,20.858600000000,   0.26200,
,,,20.858700000000,   0.25200,
,,,20.858800000000,   0.25800,
,,,20.858900000000,   0.26200,
,,,20.859000000000,   0.27000,
,,,20.859100000000,   0.27200,
,,,20.859200000000,   0.27000,
,,,20.859300000000,   0.26000,
,,,20.859400000000,   0.26600,
,,,20.859500000000,   0.25800,
,,,20.859600000000,   0.27200,
,,,20.859700000000,   0.25800,
,,,20.859800000000,   0.26400,
,,,20.859900000000,   0.26400,
,,,20.860000000000,   0.25800,
,,,20.860100000000,   0.27000,
,,,20.860200000000,   0.25600,
,,,20.860300000000,   0.27200,
,,,20.860400000000,   0.25600,
,,,20.860500000000,   0.27000,
,,,20.860600000000,   0.25000,
,,,20.860700000000,   0.27200,
,,,20.860800000000,   0.25200,
,,,20.860900000000,   0.28000,
,,,20.861000000000,   0.25000,
,,,20.861100000000,   0.28000,
,,,20.861200000000,   0.24600,
,,,20.861300000000,   0.28200,
,,,20.861400000000,   0.24200,
,,,20.861500000000,   0.27400,
,,,20.861600000000,   0.25000,
,,,20.861700000000,   0.27600,
,,,20.861800000000,   0.26000,
,,,20.861900000000,   0.27000,
,,,20.862000000000,   0.26600,
,,,20.862100000000,   0.28000,
,,,20.862200000000,   0.25400,
,,,20.862300000000,   0.27400,
,,,20.862400000000,   0.26200,
,,,20.862500000000,   0.26600,
,,,20.862600000000,   0.25600,
,,,20.862700000000,   0.27000,
,,,20.862800000000,   0.25600,
,,,20.862900000000,   0.26800,
,,,20.863000000000,   0.26400,
,,,20.863100000000,   0.26800,
,,,20.863200000000,   0.25800,
,,,20.863300000000,   0.25600,
,,,20.863400000000,   0.26600,
,,,20.863500000000,   0.25600,
,,,20.863600000000,   0.26800,
,,,20.863700000000,   0.25200,
,,,20.863800000000,   0.26600,
,,,20.863900000000,   0.24600,
,,,20.864000000000,   0.27000,
,,,20.864100000000,   0.24800,
,,,20.864200000000,   0.27000,
,,,20.864300000000,   0.24400,
,,,20.864400000000,   0.27000,
,,,20.864500000000,   0.25200,
,,,20.864600000000,   0.27600,
,,,20.864700000000,   0.26000,
,,,20.864800000000,   0.27200,
,,,20.864900000000,   0.25400,
,,,20.865000000000,   0.26000,
,,,20.865100000000,   0.26000,
,,,20.865200000000,   0.25400,
,,,20.865300000000,   0.26000,
,,,20.865400000000,   0.25600,
,,,20.865500000000,   0.26600,
,,,20.865600000000,   0.25600,
,,,20.865700000000,   0.26800,
,,,20.865800000000,   0.26000,
,,,20.865900000000,   0.27000,
,,,20.866000000000,   0.26200,
,,,20.866100000000,   0.27000,
,,,20.866200000000,   0.25400,
,,,20.866300000000,   0.27200,
,,,20.866400000000,   0.24800,
,,,20.866500000000,   0.27800,
,,,20.866600000000,   0.24600,
,,,20.866700000000,   0.27000,
,,,20.866800000000,   0.25400,
,,,20.866900000000,   0.27000,
,,,20.867000000000,   0.25800,
,,,20.867100000000,   0.28000,
,,,20.867200000000,   0.25200,
,,,20.867300000000,   0.27800,
,,,20.867400000000,   0.25200,
,,,20.867500000000,   0.27800,
,,,20.867600000000,   0.25000,
,,,20.867700000000,   0.27600,
,,,20.867800000000,   0.25600,
,,,20.867900000000,   0.27200,
,,,20.868000000000,   0.25800,
,,,20.868100000000,   0.27200,
,,,20.868200000000,   0.27000,
,,,20.868300000000,   0.26000,
,,,20.868400000000,   0.27400,
,,,20.868500000000,   0.25600,
,,,20.868600000000,   0.27200,
,,,20.868700000000,   0.25600,
,,,20.868800000000,   0.26000,
,,,20.868900000000,   0.25600,
,,,20.869000000000,   0.27400,
,,,20.869100000000,   0.25400,
,,,20.869200000000,   0.27000,
,,,20.869300000000,   0.26000,
,,,20.869400000000,   0.27200,
,,,20.869500000000,   0.26600,
,,,20.869600000000,   0.25800,
,,,20.869700000000,   0.26000,
,,,20.869800000000,   0.26600,
,,,20.869900000000,   0.26200,
,,,20.870000000000,   0.26200,
,,,20.870100000000,   0.25800,
,,,20.870200000000,   0.24600,
,,,20.870300000000,   0.28000,
,,,20.870400000000,   0.25200,
,,,20.870500000000,   0.28000,
,,,20.870600000000,   0.24600,
,,,20.870700000000,   0.27600,
,,,20.870800000000,   0.25600,
,,,20.870900000000,   0.27200,
,,,20.871000000000,   0.25000,
,,,20.871100000000,   0.28200,
,,,20.871200000000,   0.25800,
,,,20.871300000000,   0.27600,
,,,20.871400000000,   0.25600,
,,,20.871500000000,   0.27000,
,,,20.871600000000,   0.26200,
,,,20.871700000000,   0.27000,
,,,20.871800000000,   0.26200,
,,,20.871900000000,   0.26200,
,,,20.872000000000,   0.27600,
,,,20.872100000000,   0.26400,
,,,20.872200000000,   0.26800,
,,,20.872300000000,   0.25400,
,,,20.872400000000,   0.27400,
,,,20.872500000000,   0.25600,
,,,20.872600000000,   0.27800,
,,,20.872700000000,   0.26200,
,,,20.872800000000,   0.26200,
,,,20.872900000000,   0.25800,
,,,20.873000000000,   0.27600,
,,,20.873100000000,   0.26200,
,,,20.873200000000,   0.27400,
,,,20.873300000000,   0.26800,
,,,20.873400000000,   0.26600,
,,,20.873500000000,   0.26200,
,,,20.873600000000,   0.27000,
,,,20.873700000000,   0.26400,
,,,20.873800000000,   0.26800,
,,,20.873900000000,   0.26800,
,,,20.874000000000,   0.26800,
,,,20.874100000000,   0.27000,
,,,20.874200000000,   0.26000,
,,,20.874300000000,   0.27000,
,,,20.874400000000,   0.25200,
,,,20.874500000000,   0.26400,
,,,20.874600000000,   0.26000,
,,,20.874700000000,   0.27400,
,,,20.874800000000,   0.26400,
,,,20.874900000000,   0.27400,
,,,20.875000000000,   0.25600,
,,,20.875100000000,   0.26600,
,,,20.875200000000,   0.26000,
,,,20.875300000000,   0.26400,
,,,20.875400000000,   0.25600,
,,,20.875500000000,   0.26200,
,,,20.875600000000,   0.26200,
,,,20.875700000000,   0.25600,
,,,20.875800000000,   0.26400,
,,,20.875900000000,   0.25800,
,,,20.876000000000,   0.27200,
,,,20.876100000000,   0.25200,
,,,20.876200000000,   0.27200,
,,,20.876300000000,   0.26200,
,,,20.876400000000,   0.28000,
,,,20.876500000000,   0.25600,
,,,20.876600000000,   0.27800,
,,,20.876700000000,   0.25800,
,,,20.876800000000,   0.27400,
,,,20.876900000000,   0.25400,
,,,20.877000000000,   0.27400,
,,,20.877100000000,   0.26000,
,,,20.877200000000,   0.27000,
,,,20.877300000000,   0.26400,
,,,20.877400000000,   0.27400,
,,,20.877500000000,   0.26200,
,,,20.877600000000,   0.26200,
,,,20.877700000000,   0.27000,
,,,20.877800000000,   0.26600,
,,,20.877900000000,   0.27000,
,,,20.878000000000,   0.26600,
,,,20.878100000000,   0.26800,
,,,20.878200000000,   0.26600,
,,,20.878300000000,   0.27000,
,,,20.878400000000,   0.27000,
,,,20.878500000000,   0.26600,
,,,20.878600000000,   0.26800,
,,,20.878700000000,   0.26400,
,,,20.878800000000,   0.26400,
,,,20.878900000000,   0.27400,
,,,20.879000000000,   0.26800,
,,,20.879100000000,   0.27400,
,,,20.879200000000,   0.25800,
,,,20.879300000000,   0.27000,
,,,20.879400000000,   0.26000,
,,,20.879500000000,   0.27400,
,,,20.879600000000,   0.26400,
,,,20.879700000000,   0.27400,
,,,20.879800000000,   0.26600,
,,,20.879900000000,   0.27200,
,,,20.880000000000,   0.25000,
,,,20.880100000000,   0.27600,
,,,20.880200000000,   0.25600,
,,,20.880300000000,   0.27000,
,,,20.880400000000,   0.26200,
,,,20.880500000000,   0.27000,
,,,20.880600000000,   0.27200,
,,,20.880700000000,   0.27200,
,,,20.880800000000,   0.26200,
,,,20.880900000000,   0.26800,
,,,20.881000000000,   0.26600,
,,,20.881100000000,   0.26400,
,,,20.881200000000,   0.26800,
,,,20.881300000000,   0.27000,
,,,20.881400000000,   0.27600,
,,,20.881500000000,   0.25600,
,,,20.881600000000,   0.27200,
,,,20.881700000000,   0.25800,
,,,20.881800000000,   0.28200,
,,,20.881900000000,   0.25400,
,,,20.882000000000,   0.27200,
,,,20.882100000000,   0.26000,
,,,20.882200000000,   0.27600,
,,,20.882300000000,   0.25600,
,,,20.882400000000,   0.27000,
,,,20.882500000000,   0.27200,
,,,20.882600000000,   0.26600,
,,,20.882700000000,   0.26200,
,,,20.882800000000,   0.26600,
,,,20.882900000000,   0.28000,
,,,20.883000000000,   0.25600,
,,,20.883100000000,   0.26800,
,,,20.883200000000,   0.26000,
,,,20.883300000000,   0.26800,
,,,20.883400000000,   0.26600,
,,,20.883500000000,   0.26000,
,,,20.883600000000,   0.28000,
,,,20.883700000000,   0.25800,
,,,20.883800000000,   0.27600,
,,,20.883900000000,   0.25800,
,,,20.884000000000,   0.27600,
,,,20.884100000000,   0.25200,
,,,20.884200000000,   0.27800,
,,,20.884300000000,   0.25600,
,,,20.884400000000,   0.27600,
,,,20.884500000000,   0.25800,
,,,20.884600000000,   0.27400,
,,,20.884700000000,   0.26000,
,,,20.884800000000,   0.27200,
,,,20.884900000000,   0.26000,
,,,20.885000000000,   0.26800,
,,,20.885100000000,   0.27600,
,,,20.885200000000,   0.25400,
,,,20.885300000000,   0.27600,
,,,20.885400000000,   0.26000,
,,,20.885500000000,   0.27200,
,,,20.885600000000,   0.26400,
,,,20.885700000000,   0.27400,
,,,20.885800000000,   0.25600,
,,,20.885900000000,   0.28600,
,,,20.886000000000,   0.26000,
,,,20.886100000000,   0.28200,
,,,20.886200000000,   0.25200,
,,,20.886300000000,   0.27800,
,,,20.886400000000,   0.25200,
,,,20.886500000000,   0.28200,
,,,20.886600000000,   0.25000,
,,,20.886700000000,   0.28800,
,,,20.886800000000,   0.25800,
,,,20.886900000000,   0.28800,
,,,20.887000000000,   0.25000,
,,,20.887100000000,   0.28400,
,,,20.887200000000,   0.26000,
,,,20.887300000000,   0.28200,
,,,20.887400000000,   0.27000,
,,,20.887500000000,   0.27200,
,,,20.887600000000,   0.26000,
,,,20.887700000000,   0.27200,
,,,20.887800000000,   0.26800,
,,,20.887900000000,   0.26600,
,,,20.888000000000,   0.27200,
,,,20.888100000000,   0.26800,
,,,20.888200000000,   0.28400,
,,,20.888300000000,   0.25600,
,,,20.888400000000,   0.27800,
,,,20.888500000000,   0.25800,
,,,20.888600000000,   0.28400,
,,,20.888700000000,   0.25400,
,,,20.888800000000,   0.28200,
,,,20.888900000000,   0.25000,
,,,20.889000000000,   0.27800,
,,,20.889100000000,   0.25400,
,,,20.889200000000,   0.28400,
,,,20.889300000000,   0.25000,
,,,20.889400000000,   0.28200,
,,,20.889500000000,   0.25400,
,,,20.889600000000,   0.28200,
,,,20.889700000000,   0.25600,
,,,20.889800000000,   0.27800,
,,,20.889900000000,   0.26200,
,,,20.890000000000,   0.28000,
,,,20.890100000000,   0.26200,
,,,20.890200000000,   0.26600,
,,,20.890300000000,   0.26200,
,,,20.890400000000,   0.26400,
,,,20.890500000000,   0.26600,
,,,20.890600000000,   0.25800,
,,,20.890700000000,   0.27200,
,,,20.890800000000,   0.25800,
,,,20.890900000000,   0.28000,
,,,20.891000000000,   0.25600,
,,,20.891100000000,   0.27600,
,,,20.891200000000,   0.25800,
,,,20.891300000000,   0.28200,
,,,20.891400000000,   0.25200,
,,,20.891500000000,   0.27600,
,,,20.891600000000,   0.25800,
,,,20.891700000000,   0.28000,
,,,20.891800000000,   0.25200,
,,,20.891900000000,   0.27200,
,,,20.892000000000,   0.26400,
,,,20.892100000000,   0.27000,
,,,20.892200000000,   0.26800,
,,,20.892300000000,   0.26400,
,,,20.892400000000,   0.27400,
,,,20.892500000000,   0.26800,
,,,20.892600000000,   0.27800,
,,,20.892700000000,   0.25400,
,,,20.892800000000,   0.27400,
,,,20.892900000000,   0.26000,
,,,20.893000000000,   0.27800,
,,,20.893100000000,   0.26200,
,,,20.893200000000,   0.27400,
,,,20.893300000000,   0.25400,
,,,20.893400000000,   0.28200,
,,,20.893500000000,   0.26200,
,,,20.893600000000,   0.26600,
,,,20.893700000000,   0.26400,
,,,20.893800000000,   0.26600,
,,,20.893900000000,   0.26600,
,,,20.894000000000,   0.26200,
,,,20.894100000000,   0.26600,
,,,20.894200000000,   0.26600,
,,,20.894300000000,   0.26800,
,,,20.894400000000,   0.26200,
,,,20.894500000000,   0.27400,
,,,20.894600000000,   0.25200,
,,,20.894700000000,   0.27800,
,,,20.894800000000,   0.25400,
,,,20.894900000000,   0.28000,
,,,20.895000000000,   0.25000,
,,,20.895100000000,   0.28600,
,,,20.895200000000,   0.24600,
,,,20.895300000000,   0.28200,
,,,20.895400000000,   0.24800,
,,,20.895500000000,   0.28600,
,,,20.895600000000,   0.24800,
,,,20.895700000000,   0.28400,
,,,20.895800000000,   0.25800,
,,,20.895900000000,   0.27400,
,,,20.896000000000,   0.26600,
,,,20.896100000000,   0.27600,
,,,20.896200000000,   0.26000,
,,,20.896300000000,   0.27400,
,,,20.896400000000,   0.27000,
,,,20.896500000000,   0.26200,
,,,20.896600000000,   0.27600,
,,,20.896700000000,   0.26600,
,,,20.896800000000,   0.27800,
,,,20.896900000000,   0.26200,
,,,20.897000000000,   0.28400,
,,,20.897100000000,   0.26000,
,,,20.897200000000,   0.27800,
,,,20.897300000000,   0.26600,
,,,20.897400000000,   0.28400,
,,,20.897500000000,   0.26200,
,,,20.897600000000,   0.28400,
,,,20.897700000000,   0.25200,
,,,20.897800000000,   0.27400,
,,,20.897900000000,   0.25200,
,,,20.898000000000,   0.28000,
,,,20.898100000000,   0.26000,
,,,20.898200000000,   0.27600,
,,,20.898300000000,   0.26000,
,,,20.898400000000,   0.27800,
,,,20.898500000000,   0.26600,
,,,20.898600000000,   0.27600,
,,,20.898700000000,   0.26800,
,,,20.898800000000,   0.26800,
,,,20.898900000000,   0.26400,
,,,20.899000000000,   0.26800,
,,,20.899100000000,   0.27400,
,,,20.899200000000,   0.27000,
,,,20.899300000000,   0.27200,
,,,20.899400000000,   0.27000,
,,,20.899500000000,   0.26600,
,,,20.899600000000,   0.26600,
,,,20.899700000000,   0.27400,
,,,20.899800000000,   0.25800,
,,,20.899900000000,   0.27000,
,,,20.900000000000,   0.26800,
,,,20.900100000000,   0.27000,
,,,20.900200000000,   0.26800,
,,,20.900300000000,   0.27600,
,,,20.900400000000,   0.27200,
,,,20.900500000000,   0.26800,
,,,20.900600000000,   0.26600,
,,,20.900700000000,   0.27200,
,,,20.900800000000,   0.26200,
,,,20.900900000000,   0.26800,
,,,20.901000000000,   0.24800,
,,,20.901100000000,   0.27600,
,,,20.901200000000,   0.25600,
,,,20.901300000000,   0.27400,
,,,20.901400000000,   0.26600,
,,,20.901500000000,   0.27000,
,,,20.901600000000,   0.26400,
,,,20.901700000000,   0.27200,
,,,20.901800000000,   0.26000,
,,,20.901900000000,   0.27000,
,,,20.902000000000,   0.26400,
,,,20.902100000000,   0.26200,
,,,20.902200000000,   0.27200,
,,,20.902300000000,   0.26600,
,,,20.902400000000,   0.27000,
,,,20.902500000000,   0.27000,
,,,20.902600000000,   0.27400,
,,,20.902700000000,   0.25400,
,,,20.902800000000,   0.26800,
,,,20.902900000000,   0.26200,
,,,20.903000000000,   0.26800,
,,,20.903100000000,   0.25800,
,,,20.903200000000,   0.27400,
,,,20.903300000000,   0.26600,
,,,20.903400000000,   0.28000,
,,,20.903500000000,   0.27600,
,,,20.903600000000,   0.27000,
,,,20.903700000000,   0.26400,
,,,20.903800000000,   0.27200,
,,,20.903900000000,   0.27200,
,,,20.904000000000,   0.26400,
,,,20.904100000000,   0.28000,
,,,20.904200000000,   0.26400,
,,,20.904300000000,   0.27600,
,,,20.904400000000,   0.25400,
,,,20.904500000000,   0.27800,
,,,20.904600000000,   0.25000,
,,,20.904700000000,   0.29000,
,,,20.904800000000,   0.25000,
,,,20.904900000000,   0.28000,
,,,20.905000000000,   0.25000,
,,,20.905100000000,   0.28000,
,,,20.905200000000,   0.25200,
,,,20.905300000000,   0.27800,
,,,20.905400000000,   0.25200,
,,,20.905500000000,   0.27400,
,,,20.905600000000,   0.26400,
,,,20.905700000000,   0.27200,
,,,20.905800000000,   0.26800,
,,,20.905900000000,   0.26800,
,,,20.906000000000,   0.27000,
,,,20.906100000000,   0.27600,
,,,20.906200000000,   0.27400,
,,,20.906300000000,   0.26000,
,,,20.906400000000,   0.27600,
,,,20.906500000000,   0.26400,
,,,20.906600000000,   0.28000,
,,,20.906700000000,   0.26000,
,,,20.906800000000,   0.28400,
,,,20.906900000000,   0.26200,
,,,20.907000000000,   0.28200,
,,,20.907100000000,   0.25600,
,,,20.907200000000,   0.29000,
,,,20.907300000000,   0.25200,
,,,20.907400000000,   0.28800,
,,,20.907500000000,   0.25400,
,,,20.907600000000,   0.28600,
,,,20.907700000000,   0.25600,
,,,20.907800000000,   0.28600,
,,,20.907900000000,   0.26200,
,,,20.908000000000,   0.28000,
,,,20.908100000000,   0.26000,
,,,20.908200000000,   0.27800,
,,,20.908300000000,   0.26000,
,,,20.908400000000,   0.27200,
,,,20.908500000000,   0.27400,
,,,20.908600000000,   0.27200,
,,,20.908700000000,   0.27600,
,,,20.908800000000,   0.26200,
,,,20.908900000000,   0.27600,
,,,20.909000000000,   0.26400,
,,,20.909100000000,   0.28200,
,,,20.909200000000,   0.26000,
,,,20.909300000000,   0.27800,
,,,20.909400000000,   0.25600,
,,,20.909500000000,   0.27800,
,,,20.909600000000,   0.25800,
,,,20.909700000000,   0.26800,
,,,20.909800000000,   0.26400,
,,,20.909900000000,   0.28200,
,,,20.910000000000,   0.27400,
,,,20.910100000000,   0.26600,
,,,20.910200000000,   0.27000,
,,,20.910300000000,   0.27600,
,,,20.910400000000,   0.27000,
,,,20.910500000000,   0.27000,
,,,20.910600000000,   0.27000,
,,,20.910700000000,   0.26600,
,,,20.910800000000,   0.26600,
,,,20.910900000000,   0.26800,
,,,20.911000000000,   0.27400,
,,,20.911100000000,   0.25800,
,,,20.911200000000,   0.26800,
,,,20.911300000000,   0.26600,
,,,20.911400000000,   0.27000,
,,,20.911500000000,   0.26200,
,,,20.911600000000,   0.28000,
,,,20.911700000000,   0.26000,
,,,20.911800000000,   0.28200,
,,,20.911900000000,   0.25600,
,,,20.912000000000,   0.28200,
,,,20.912100000000,   0.26000,
,,,20.912200000000,   0.28600,
,,,20.912300000000,   0.25600,
,,,20.912400000000,   0.27800,
,,,20.912500000000,   0.25600,
,,,20.912600000000,   0.28400,
,,,20.912700000000,   0.26000,
,,,20.912800000000,   0.28000,
,,,20.912900000000,   0.26600,
,,,20.913000000000,   0.26800,
,,,20.913100000000,   0.25600,
,,,20.913200000000,   0.28000,
,,,20.913300000000,   0.27000,
,,,20.913400000000,   0.26600,
,,,20.913500000000,   0.27400,
,,,20.913600000000,   0.26600,
,,,20.913700000000,   0.27200,
,,,20.913800000000,   0.25800,
,,,20.913900000000,   0.27600,
,,,20.914000000000,   0.26400,
,,,20.914100000000,   0.27600,
,,,20.914200000000,   0.25800,
,,,20.914300000000,   0.28200,
,,,20.914400000000,   0.25600,
,,,20.914500000000,   0.27600,
,,,20.914600000000,   0.26200,
,,,20.914700000000,   0.27200,
,,,20.914800000000,   0.26600,
,,,20.914900000000,   0.26200,
,,,20.915000000000,   0.26200,
,,,20.915100000000,   0.27000,
,,,20.915200000000,   0.27600,
,,,20.915300000000,   0.26600,
,,,20.915400000000,   0.27600,
,,,20.915500000000,   0.27000,
,,,20.915600000000,   0.27000,
,,,20.915700000000,   0.26000,
,,,20.915800000000,   0.27600,
,,,20.915900000000,   0.26200,
,,,20.916000000000,   0.28000,
,,,20.916100000000,   0.25800,
,,,20.916200000000,   0.28600,
,,,20.916300000000,   0.25800,
,,,20.916400000000,   0.29000,
,,,20.916500000000,   0.25800,
,,,20.916600000000,   0.28600,
,,,20.916700000000,   0.25600,
,,,20.916800000000,   0.28800,
,,,20.916900000000,   0.25600,
,,,20.917000000000,   0.28200,
,,,20.917100000000,   0.25800,
,,,20.917200000000,   0.27400,
,,,20.917300000000,   0.26800,
,,,20.917400000000,   0.27400,
,,,20.917500000000,   0.26600,
,,,20.917600000000,   0.27400,
,,,20.917700000000,   0.27400,
,,,20.917800000000,   0.26600,
,,,20.917900000000,   0.27400,
,,,20.918000000000,   0.26800,
,,,20.918100000000,   0.28800,
,,,20.918200000000,   0.26400,
,,,20.918300000000,   0.28600,
,,,20.918400000000,   0.25600,
,,,20.918500000000,   0.28600,
,,,20.918600000000,   0.25600,
,,,20.918700000000,   0.29000,
,,,20.918800000000,   0.25000,
,,,20.918900000000,   0.28000,
,,,20.919000000000,   0.25600,
,,,20.919100000000,   0.28600,
,,,20.919200000000,   0.26000,
,,,20.919300000000,   0.28600,
,,,20.919400000000,   0.26000,
,,,20.919500000000,   0.28000,
,,,20.919600000000,   0.25200,
,,,20.919700000000,   0.27800,
,,,20.919800000000,   0.26000,
,,,20.919900000000,   0.27200,
,,,20.920000000000,   0.26000,
,,,20.920100000000,   0.26600,
,,,20.920200000000,   0.27800,
,,,20.920300000000,   0.26400,
,,,20.920400000000,   0.27200,
,,,20.920500000000,   0.26400,
,,,20.920600000000,   0.27800,
,,,20.920700000000,   0.25800,
,,,20.920800000000,   0.27800,
,,,20.920900000000,   0.26000,
,,,20.921000000000,   0.27600,
,,,20.921100000000,   0.25600,
,,,20.921200000000,   0.27800,
,,,20.921300000000,   0.24800,
,,,20.921400000000,   0.28400,
,,,20.921500000000,   0.24600,
,,,20.921600000000,   0.28600,
,,,20.921700000000,   0.24600,
,,,20.921800000000,   0.28400,
,,,20.921900000000,   0.25200,
,,,20.922000000000,   0.28000,
,,,20.922100000000,   0.24800,
,,,20.922200000000,   0.27600,
,,,20.922300000000,   0.26000,
,,,20.922400000000,   0.27200,
,,,20.922500000000,   0.26600,
,,,20.922600000000,   0.26600,
,,,20.922700000000,   0.26600,
,,,20.922800000000,   0.26400,
,,,20.922900000000,   0.27000,
,,,20.923000000000,   0.26000,
,,,20.923100000000,   0.28000,
,,,20.923200000000,   0.25200,
,,,20.923300000000,   0.28400,
,,,20.923400000000,   0.25400,
,,,20.923500000000,   0.27400,
,,,20.923600000000,   0.25600,
,,,20.923700000000,   0.27600,
,,,20.923800000000,   0.24800,
,,,20.923900000000,   0.27400,
,,,20.924000000000,   0.25200,
,,,20.924100000000,   0.27200,
,,,20.924200000000,   0.24800,
,,,20.924300000000,   0.28000,
,,,20.924400000000,   0.25000,
,,,20.924500000000,   0.27200,
,,,20.924600000000,   0.26000,
,,,20.924700000000,   0.27000,
,,,20.924800000000,   0.26000,
,,,20.924900000000,   0.27200,
,,,20.925000000000,   0.25200,
,,,20.925100000000,   0.27200,
,,,20.925200000000,   0.26400,
,,,20.925300000000,   0.25800,
,,,20.925400000000,   0.26400,
,,,20.925500000000,   0.26800,
,,,20.925600000000,   0.26800,
,,,20.925700000000,   0.25400,
,,,20.925800000000,   0.27400,
,,,20.925900000000,   0.25000,
,,,20.926000000000,   0.28200,
,,,20.926100000000,   0.25000,
,,,20.926200000000,   0.28000,
,,,20.926300000000,   0.25000,
,,,20.926400000000,   0.28800,
,,,20.926500000000,   0.24600,
,,,20.926600000000,   0.28600,
,,,20.926700000000,   0.25000,
,,,20.926800000000,   0.28200,
,,,20.926900000000,   0.24800,
,,,20.927000000000,   0.27600,
,,,20.927100000000,   0.25000,
,,,20.927200000000,   0.27400,
,,,20.927300000000,   0.25800,
,,,20.927400000000,   0.27200,
,,,20.927500000000,   0.25800,
,,,20.927600000000,   0.26800,
,,,20.927700000000,   0.26000,
,,,20.927800000000,   0.27400,
,,,20.927900000000,   0.26600,
,,,20.928000000000,   0.26600,
,,,20.928100000000,   0.26800,
,,,20.928200000000,   0.25800,
,,,20.928300000000,   0.27200,
,,,20.928400000000,   0.25600,
,,,20.928500000000,   0.27000,
,,,20.928600000000,   0.25600,
,,,20.928700000000,   0.27600,
,,,20.928800000000,   0.24200,
,,,20.928900000000,   0.28000,
,,,20.929000000000,   0.24800,
,,,20.929100000000,   0.28000,
,,,20.929200000000,   0.23800,
,,,20.929300000000,   0.27400,
,,,20.929400000000,   0.25600,
,,,20.929500000000,   0.27800,
,,,20.929600000000,   0.25600,
,,,20.929700000000,   0.27600,
,,,20.929800000000,   0.26400,
,,,20.929900000000,   0.27400,
,,,20.930000000000,   0.26200,
,,,20.930100000000,   0.27000,
,,,20.930200000000,   0.26800,
,,,20.930300000000,   0.26000,
,,,20.930400000000,   0.26600,
,,,20.930500000000,   0.25800,
,,,20.930600000000,   0.26000,
,,,20.930700000000,   0.26600,
,,,20.930800000000,   0.26600,
,,,20.930900000000,   0.26400,
,,,20.931000000000,   0.26000,
,,,20.931100000000,   0.27400,
,,,20.931200000000,   0.26600,
,,,20.931300000000,   0.26200,
,,,20.931400000000,   0.26600,
,,,20.931500000000,   0.27200,
,,,20.931600000000,   0.26600,
,,,20.931700000000,   0.25800,
,,,20.931800000000,   0.26800,
,,,20.931900000000,   0.25600,
,,,20.932000000000,   0.27200,
,,,20.932100000000,   0.25200,
,,,20.932200000000,   0.27000,
,,,20.932300000000,   0.25400,
,,,20.932400000000,   0.27600,
,,,20.932500000000,   0.24800,
,,,20.932600000000,   0.27000,
,,,20.932700000000,   0.25600,
,,,20.932800000000,   0.26800,
,,,20.932900000000,   0.25400,
,,,20.933000000000,   0.27000,
,,,20.933100000000,   0.26400,
,,,20.933200000000,   0.26600,
,,,20.933300000000,   0.27000,
,,,20.933400000000,   0.25800,
,,,20.933500000000,   0.26600,
,,,20.933600000000,   0.25400,
,,,20.933700000000,   0.27000,
,,,20.933800000000,   0.24800,
,,,20.933900000000,   0.27000,
,,,20.934000000000,   0.25600,
,,,20.934100000000,   0.27000,
,,,20.934200000000,   0.24800,
,,,20.934300000000,   0.27200,
,,,20.934400000000,   0.24400,
,,,20.934500000000,   0.28200,
,,,20.934600000000,   0.25200,
,,,20.934700000000,   0.27600,
,,,20.934800000000,   0.25400,
,,,20.934900000000,   0.27000,
,,,20.935000000000,   0.25400,
,,,20.935100000000,   0.26800,
,,,20.935200000000,   0.25600,
,,,20.935300000000,   0.26400,
,,,20.935400000000,   0.26000,
,,,20.935500000000,   0.25800,
,,,20.935600000000,   0.26000,
,,,20.935700000000,   0.26800,
,,,20.935800000000,   0.26800,
,,,20.935900000000,   0.26000,
,,,20.936000000000,   0.26800,
,,,20.936100000000,   0.25800,
,,,20.936200000000,   0.27000,
,,,20.936300000000,   0.25600,
,,,20.936400000000,   0.27200,
,,,20.936500000000,   0.25800,
,,,20.936600000000,   0.28000,
,,,20.936700000000,   0.24800,
,,,20.936800000000,   0.28200,
,,,20.936900000000,   0.24600,
,,,20.937000000000,   0.28600,
,,,20.937100000000,   0.24600,
,,,20.937200000000,   0.28000,
,,,20.937300000000,   0.25800,
,,,20.937400000000,   0.27200,
,,,20.937500000000,   0.25400,
,,,20.937600000000,   0.27600,
,,,20.937700000000,   0.25800,
,,,20.937800000000,   0.26800,
,,,20.937900000000,   0.26400,
,,,20.938000000000,   0.26400,
,,,20.938100000000,   0.27400,
,,,20.938200000000,   0.26400,
,,,20.938300000000,   0.27000,
,,,20.938400000000,   0.26000,
,,,20.938500000000,   0.27400,
,,,20.938600000000,   0.25600,
,,,20.938700000000,   0.27800,
,,,20.938800000000,   0.25000,
,,,20.938900000000,   0.27800,
,,,20.939000000000,   0.25400,
,,,20.939100000000,   0.28600,
,,,20.939200000000,   0.25600,
,,,20.939300000000,   0.27800,
,,,20.939400000000,   0.25000,
,,,20.939500000000,   0.27600,
,,,20.939600000000,   0.24200,
,,,20.939700000000,   0.28800,
,,,20.939800000000,   0.25000,
,,,20.939900000000,   0.28600,
,,,20.940000000000,   0.24600,
,,,20.940100000000,   0.27800,
,,,20.940200000000,   0.25600,
,,,20.940300000000,   0.27400,
,,,20.940400000000,   0.25400,
,,,20.940500000000,   0.25800,
,,,20.940600000000,   0.26400,
,,,20.940700000000,   0.27200,
,,,20.940800000000,   0.26200,
,,,20.940900000000,   0.26400,
,,,20.941000000000,   0.27400,
,,,20.941100000000,   0.25600,
,,,20.941200000000,   0.27000,
,,,20.941300000000,   0.25200,
,,,20.941400000000,   0.27000,
,,,20.941500000000,   0.25200,
,,,20.941600000000,   0.29000,
,,,20.941700000000,   0.24800,
,,,20.941800000000,   0.27800,
,,,20.941900000000,   0.23800,
,,,20.942000000000,   0.28200,
,,,20.942100000000,   0.25000,
,,,20.942200000000,   0.27600,
,,,20.942300000000,   0.24800,
,,,20.942400000000,   0.27600,
,,,20.942500000000,   0.25600,
,,,20.942600000000,   0.27400,
,,,20.942700000000,   0.25800,
,,,20.942800000000,   0.26000,
,,,20.942900000000,   0.26200,
,,,20.943000000000,   0.26800,
,,,20.943100000000,   0.26600,
,,,20.943200000000,   0.26600,
,,,20.943300000000,   0.27200,
,,,20.943400000000,   0.25400,
,,,20.943500000000,   0.27600,
,,,20.943600000000,   0.25000,
,,,20.943700000000,   0.27000,
,,,20.943800000000,   0.25600,
,,,20.943900000000,   0.28200,
,,,20.944000000000,   0.24800,
,,,20.944100000000,   0.28400,
,,,20.944200000000,   0.25600,
,,,20.944300000000,   0.27800,
,,,20.944400000000,   0.25000,
,,,20.944500000000,   0.27800,
,,,20.944600000000,   0.25000,
,,,20.944700000000,   0.27000,
,,,20.944800000000,   0.25800,
,,,20.944900000000,   0.26000,
,,,20.945000000000,   0.25800,
,,,20.945100000000,   0.26400,
,,,20.945200000000,   0.26200,
,,,20.945300000000,   0.26600,
,,,20.945400000000,   0.27600,
,,,20.945500000000,   0.26000,
,,,20.945600000000,   0.27000,
,,,20.945700000000,   0.26000,
,,,20.945800000000,   0.27000,
,,,20.945900000000,   0.26200,
,,,20.946000000000,   0.27600,
,,,20.946100000000,   0.24800,
,,,20.946200000000,   0.28000,
,,,20.946300000000,   0.25600,
,,,20.946400000000,   0.27800,
,,,20.946500000000,   0.26000,
,,,20.946600000000,   0.28000,
,,,20.946700000000,   0.25400,
,,,20.946800000000,   0.28000,
,,,20.946900000000,   0.25800,
,,,20.947000000000,   0.27000,
,,,20.947100000000,   0.26000,
,,,20.947200000000,   0.27400,
,,,20.947300000000,   0.27000,
,,,20.947400000000,   0.26600,
,,,20.947500000000,   0.26600,
,,,20.947600000000,   0.25600,
,,,20.947700000000,   0.28000,
,,,20.947800000000,   0.26000,
,,,20.947900000000,   0.27800,
,,,20.948000000000,   0.25800,
,,,20.948100000000,   0.28400,
,,,20.948200000000,   0.25800,
,,,20.948300000000,   0.29000,
,,,20.948400000000,   0.25400,
,,,20.948500000000,   0.28000,
,,,20.948600000000,   0.25000,
,,,20.948700000000,   0.28200,
,,,20.948800000000,   0.25000,
,,,20.948900000000,   0.28000,
,,,20.949000000000,   0.25200,
,,,20.949100000000,   0.28400,
,,,20.949200000000,   0.25800,
,,,20.949300000000,   0.28000,
,,,20.949400000000,   0.25600,
,,,20.949500000000,   0.27800,
,,,20.949600000000,   0.26400,
,,,20.949700000000,   0.27800,
,,,20.949800000000,   0.26400,
,,,20.949900000000,   0.25200,
,,,20.950000000000,   0.26400,
,,,20.950100000000,   0.25600,
,,,20.950200000000,   0.27600,
,,,20.950300000000,   0.25200,
,,,20.950400000000,   0.28400,
,,,20.950500000000,   0.24800,
,,,20.950600000000,   0.28400,
,,,20.950700000000,   0.25200,
,,,20.950800000000,   0.27800,
,,,20.950900000000,   0.24600,
,,,20.951000000000,   0.28600,
,,,20.951100000000,   0.25200,
,,,20.951200000000,   0.28200,
,,,20.951300000000,   0.25000,
,,,20.951400000000,   0.28200,
,,,20.951500000000,   0.25200,
,,,20.951600000000,   0.27400,
,,,20.951700000000,   0.25800,
,,,20.951800000000,   0.27600,
,,,20.951900000000,   0.25600,
,,,20.952000000000,   0.26200,
,,,20.952100000000,   0.26600,
,,,20.952200000000,   0.26800,
,,,20.952300000000,   0.27400,
,,,20.952400000000,   0.26400,
,,,20.952500000000,   0.27600,
,,,20.952600000000,   0.25400,
,,,20.952700000000,   0.28000,
,,,20.952800000000,   0.24600,
,,,20.952900000000,   0.28400,
,,,20.953000000000,   0.24800,
,,,20.953100000000,   0.29000,
,,,20.953200000000,   0.24200,
,,,20.953300000000,   0.28600,
,,,20.953400000000,   0.25400,
,,,20.953500000000,   0.28400,
,,,20.953600000000,   0.24800,
,,,20.953700000000,   0.28200,
,,,20.953800000000,   0.24600,
,,,20.953900000000,   0.27600,
,,,20.954000000000,   0.26000,
,,,20.954100000000,   0.27000,
,,,20.954200000000,   0.26600,
,,,20.954300000000,   0.26600,
,,,20.954400000000,   0.26400,
,,,20.954500000000,   0.26600,
,,,20.954600000000,   0.27400,
,,,20.954700000000,   0.25600,
,,,20.954800000000,   0.27400,
,,,20.954900000000,   0.24800,
,,,20.955000000000,   0.28800,
,,,20.955100000000,   0.24800,
,,,20.955200000000,   0.28200,
,,,20.955300000000,   0.24600,
,,,20.955400000000,   0.28600,
,,,20.955500000000,   0.25000,
,,,20.955600000000,   0.28800,
,,,20.955700000000,   0.25200,
,,,20.955800000000,   0.28600,
,,,20.955900000000,   0.25600,
,,,20.956000000000,   0.27800,
,,,20.956100000000,   0.26000,
,,,20.956200000000,   0.27600,
,,,20.956300000000,   0.26800,
,,,20.956400000000,   0.27800,
,,,20.956500000000,   0.26600,
,,,20.956600000000,   0.26600,
,,,20.956700000000,   0.27400,
,,,20.956800000000,   0.26400,
,,,20.956900000000,   0.27600,
,,,20.957000000000,   0.25600,
,,,20.957100000000,   0.28200,
,,,20.957200000000,   0.25400,
,,,20.957300000000,   0.28000,
,,,20.957400000000,   0.26000,
,,,20.957500000000,   0.28400,
,,,20.957600000000,   0.26000,
,,,20.957700000000,   0.27800,
,,,20.957800000000,   0.25600,
,,,20.957900000000,   0.27400,
,,,20.958000000000,   0.26400,
,,,20.958100000000,   0.27200,
,,,20.958200000000,   0.26000,
,,,20.958300000000,   0.26400,
,,,20.958400000000,   0.26400,
,,,20.958500000000,   0.26200,
,,,20.958600000000,   0.27000,
,,,20.958700000000,   0.27000,
,,,20.958800000000,   0.27200,
,,,20.958900000000,   0.26400,
,,,20.959000000000,   0.27400,
,,,20.959100000000,   0.26600,
,,,20.959200000000,   0.26400,
,,,20.959300000000,   0.26200,
,,,20.959400000000,   0.27200,
,,,20.959500000000,   0.26600,
,,,20.959600000000,   0.26400,
,,,20.959700000000,   0.26600,
,,,20.959800000000,   0.27000,
,,,20.959900000000,   0.25600,
,,,20.960000000000,   0.26800,
,,,20.960100000000,   0.27000,
,,,20.960200000000,   0.26600,
,,,20.960300000000,   0.26600,
,,,20.960400000000,   0.26800,
,,,20.960500000000,   0.26400,
,,,20.960600000000,   0.27000,
,,,20.960700000000,   0.26800,
,,,20.960800000000,   0.27000,
,,,20.960900000000,   0.26600,
,,,20.961000000000,   0.26800,
,,,20.961100000000,   0.26800,
,,,20.961200000000,   0.26600,
,,,20.961300000000,   0.26200,
,,,20.961400000000,   0.27600,
,,,20.961500000000,   0.26000,
,,,20.961600000000,   0.27400,
,,,20.961700000000,   0.25600,
,,,20.961800000000,   0.26000,
,,,20.961900000000,   0.25600,
,,,20.962000000000,   0.27600,
,,,20.962100000000,   0.26600,
,,,20.962200000000,   0.27200,
,,,20.962300000000,   0.26200,
,,,20.962400000000,   0.26200,
,,,20.962500000000,   0.26800,
,,,20.962600000000,   0.27400,
,,,20.962700000000,   0.26400,
,,,20.962800000000,   0.27200,
,,,20.962900000000,   0.26200,
,,,20.963000000000,   0.26400,
,,,20.963100000000,   0.27200,
,,,20.963200000000,   0.25600,
,,,20.963300000000,   0.26800,
,,,20.963400000000,   0.26600,
,,,20.963500000000,   0.27000,
,,,20.963600000000,   0.26600,
,,,20.963700000000,   0.28000,
,,,20.963800000000,   0.25600,
,,,20.963900000000,   0.28000,
,,,20.964000000000,   0.25600,
,,,20.964100000000,   0.27800,
,,,20.964200000000,   0.26200,
,,,20.964300000000,   0.27000,
,,,20.964400000000,   0.27000,
,,,20.964500000000,   0.27200,
,,,20.964600000000,   0.26400,
,,,20.964700000000,   0.26800,
,,,20.964800000000,   0.26600,
,,,20.964900000000,   0.25600,
,,,20.965000000000,   0.26800,
,,,20.965100000000,   0.25400,
,,,20.965200000000,   0.28400,
,,,20.965300000000,   0.24800,
,,,20.965400000000,   0.28000,
,,,20.965500000000,   0.25000,
,,,20.965600000000,   0.28000,
,,,20.965700000000,   0.24600,
,,,20.965800000000,   0.29000,
,,,20.965900000000,   0.24800,
,,,20.966000000000,   0.28800,
,,,20.966100000000,   0.25000,
,,,20.966200000000,   0.28000,
,,,20.966300000000,   0.25600,
,,,20.966400000000,   0.28000,
,,,20.966500000000,   0.26000,
,,,20.966600000000,   0.27600,
,,,20.966700000000,   0.26200,
,,,20.966800000000,   0.26400,
,,,20.966900000000,   0.28000,
,,,20.967000000000,   0.25400,
,,,20.967100000000,   0.28000,
,,,20.967200000000,   0.26600,
,,,20.967300000000,   0.28000,
,,,20.967400000000,   0.25200,
,,,20.967500000000,   0.27600,
,,,20.967600000000,   0.24600,
,,,20.967700000000,   0.28600,
,,,20.967800000000,   0.25000,
,,,20.967900000000,   0.28800,
,,,20.968000000000,   0.25400,
,,,20.968100000000,   0.28200,
,,,20.968200000000,   0.25400,
,,,20.968300000000,   0.29000,
,,,20.968400000000,   0.25400,
,,,20.968500000000,   0.27600,
,,,20.968600000000,   0.26200,
,,,20.968700000000,   0.27800,
,,,20.968800000000,   0.25800,
,,,20.968900000000,   0.27000,
,,,20.969000000000,   0.26000,
,,,20.969100000000,   0.26600,
,,,20.969200000000,   0.26200,
,,,20.969300000000,   0.26400,
,,,20.969400000000,   0.27400,
,,,20.969500000000,   0.26000,
,,,20.969600000000,   0.28200,
,,,20.969700000000,   0.26200,
,,,20.969800000000,   0.29000,
,,,20.969900000000,   0.24400,
,,,20.970000000000,   0.27800,
,,,20.970100000000,   0.24600,
,,,20.970200000000,   0.27600,
,,,20.970300000000,   0.24600,
,,,20.970400000000,   0.28400,
,,,20.970500000000,   0.25000,
,,,20.970600000000,   0.28000,
,,,20.970700000000,   0.25200,
,,,20.970800000000,   0.28000,
,,,20.970900000000,   0.25200,
,,,20.971000000000,   0.28400,
,,,20.971100000000,   0.26000,
,,,20.971200000000,   0.28200,
,,,20.971300000000,   0.25800,
,,,20.971400000000,   0.27200,
,,,20.971500000000,   0.25800,
,,,20.971600000000,   0.27200,
,,,20.971700000000,   0.26600,
,,,20.971800000000,   0.26200,
,,,20.971900000000,   0.27000,
,,,20.972000000000,   0.26000,
,,,20.972100000000,   0.27000,
,,,20.972200000000,   0.25000,
,,,20.972300000000,   0.28000,
,,,20.972400000000,   0.25000,
,,,20.972500000000,   0.28600,
,,,20.972600000000,   0.25400,
,,,20.972700000000,   0.28600,
,,,20.972800000000,   0.25000,
,,,20.972900000000,   0.28600,
,,,20.973000000000,   0.25400,
,,,20.973100000000,   0.28000,
,,,20.973200000000,   0.25400,
,,,20.973300000000,   0.27200,
,,,20.973400000000,   0.25600,
,,,20.973500000000,   0.27800,
,,,20.973600000000,   0.25600,
,,,20.973700000000,   0.28000,
,,,20.973800000000,   0.25200,
,,,20.973900000000,   0.27400,
,,,20.974000000000,   0.25800,
,,,20.974100000000,   0.27000,
,,,20.974200000000,   0.26000,
,,,20.974300000000,   0.27400,
,,,20.974400000000,   0.26000,
,,,20.974500000000,   0.26800,
,,,20.974600000000,   0.26400,
,,,20.974700000000,   0.26000,
,,,20.974800000000,   0.26400,
,,,20.974900000000,   0.25600,
,,,20.975000000000,   0.27200,
,,,20.975100000000,   0.24600,
,,,20.975200000000,   0.28400,
,,,20.975300000000,   0.25200,
,,,20.975400000000,   0.28600,
,,,20.975500000000,   0.25200,
,,,20.975600000000,   0.29000,
,,,20.975700000000,   0.24400,
,,,20.975800000000,   0.28800,
,,,20.975900000000,   0.25400,
,,,20.976000000000,   0.28200,
,,,20.976100000000,   0.25600,
,,,20.976200000000,   0.28000,
,,,20.976300000000,   0.25800,
,,,20.976400000000,   0.27600,
,,,20.976500000000,   0.25400,
,,,20.976600000000,   0.28400,
,,,20.976700000000,   0.26400,
,,,20.976800000000,   0.27000,
,,,20.976900000000,   0.25600,
,,,20.977000000000,   0.26600,
,,,20.977100000000,   0.26600,
,,,20.977200000000,   0.26600,
,,,20.977300000000,   0.27400,
,,,20.977400000000,   0.26200,
,,,20.977500000000,   0.27400,
,,,20.977600000000,   0.26200,
,,,20.977700000000,   0.28600,
,,,20.977800000000,   0.25600,
,,,20.977900000000,   0.28600,
,,,20.978000000000,   0.25000,
,,,20.978100000000,   0.27800,
,,,20.978200000000,   0.25200,
,,,20.978300000000,   0.29600,
,,,20.978400000000,   0.25600,
,,,20.978500000000,   0.28400,
,,,20.978600000000,   0.25000,
,,,20.978700000000,   0.27600,
,,,20.978800000000,   0.25800,
,,,20.978900000000,   0.28200,
,,,20.979000000000,   0.25200,
,,,20.979100000000,   0.27000,
,,,20.979200000000,   0.26800,
,,,20.979300000000,   0.26800,
,,,20.979400000000,   0.26600,
,,,20.979500000000,   0.26200,
,,,20.979600000000,   0.27000,
,,,20.979700000000,   0.25800,
,,,20.979800000000,   0.27800,
,,,20.979900000000,   0.25600,
,,,20.980000000000,   0.28400,
,,,20.980100000000,   0.25600,
,,,20.980200000000,   0.27800,
,,,20.980300000000,   0.25000,
,,,20.980400000000,   0.28000,
,,,20.980500000000,   0.25000,
,,,20.980600000000,   0.28400,
,,,20.980700000000,   0.25400,
,,,20.980800000000,   0.28200,
,,,20.980900000000,   0.26000,
,,,20.981000000000,   0.27200,
,,,20.981100000000,   0.25600,
,,,20.981200000000,   0.27200,
,,,20.981300000000,   0.25600,
,,,20.981400000000,   0.26200,
,,,20.981500000000,   0.26400,
,,,20.981600000000,   0.26600,
,,,20.981700000000,   0.27000,
,,,20.981800000000,   0.26000,
,,,20.981900000000,   0.27600,
,,,20.982000000000,   0.25600,
,,,20.982100000000,   0.27800,
,,,20.982200000000,   0.25600,
,,,20.982300000000,   0.27600,
,,,20.982400000000,   0.25800,
,,,20.982500000000,   0.27600,
,,,20.982600000000,   0.25800,
,,,20.982700000000,   0.27600,
,,,20.982800000000,   0.25200,
,,,20.982900000000,   0.27400,
,,,20.983000000000,   0.26000,
,,,20.983100000000,   0.27800,
,,,20.983200000000,   0.26400,
,,,20.983300000000,   0.27200,
,,,20.983400000000,   0.26000,
,,,20.983500000000,   0.27000,
,,,20.983600000000,   0.25600,
,,,20.983700000000,   0.27200,
,,,20.983800000000,   0.26600,
,,,20.983900000000,   0.26400,
,,,20.984000000000,   0.26000,
,,,20.984100000000,   0.26600,
,,,20.984200000000,   0.27000,
,,,20.984300000000,   0.26400,
,,,20.984400000000,   0.26600,
,,,20.984500000000,   0.26400,
,,,20.984600000000,   0.26600,
,,,20.984700000000,   0.26000,
,,,20.984800000000,   0.26600,
,,,20.984900000000,   0.26200,
,,,20.985000000000,   0.26800,
,,,20.985100000000,   0.26200,
,,,20.985200000000,   0.27800,
,,,20.985300000000,   0.26600,
,,,20.985400000000,   0.27000,
,,,20.985500000000,   0.26600,
,,,20.985600000000,   0.26200,
,,,20.985700000000,   0.27400,
,,,20.985800000000,   0.27000,
,,,20.985900000000,   0.27000,
,,,20.986000000000,   0.27400,
,,,20.986100000000,   0.27000,
,,,20.986200000000,   0.26000,
,,,20.986300000000,   0.27000,
,,,20.986400000000,   0.26600,
,,,20.986500000000,   0.27800,
,,,20.986600000000,   0.26200,
,,,20.986700000000,   0.27200,
,,,20.986800000000,   0.26400,
,,,20.986900000000,   0.27000,
,,,20.987000000000,   0.26800,
,,,20.987100000000,   0.26800,
,,,20.987200000000,   0.26000,
,,,20.987300000000,   0.27600,
,,,20.987400000000,   0.27200,
,,,20.987500000000,   0.27200,
,,,20.987600000000,   0.26200,
,,,20.987700000000,   0.26800,
,,,20.987800000000,   0.26000,
,,,20.987900000000,   0.27600,
,,,20.988000000000,   0.26600,
,,,20.988100000000,   0.27800,
,,,20.988200000000,   0.26000,
,,,20.988300000000,   0.27800,
,,,20.988400000000,   0.26400,
,,,20.988500000000,   0.27200,
,,,20.988600000000,   0.27000,
,,,20.988700000000,   0.26800,
,,,20.988800000000,   0.26600,
,,,20.988900000000,   0.26600,
,,,20.989000000000,   0.26800,
,,,20.989100000000,   0.26200,
,,,20.989200000000,   0.26800,
,,,20.989300000000,   0.27600,
,,,20.989400000000,   0.28000,
,,,20.989500000000,   0.25200,
,,,20.989600000000,   0.27800,
,,,20.989700000000,   0.26800,
,,,20.989800000000,   0.27800,
,,,20.989900000000,   0.25600,
,,,20.990000000000,   0.27600,
,,,20.990100000000,   0.25800,
,,,20.990200000000,   0.27600,
,,,20.990300000000,   0.26200,
,,,20.990400000000,   0.27600,
,,,20.990500000000,   0.25600,
,,,20.990600000000,   0.26800,
,,,20.990700000000,   0.26800,
,,,20.990800000000,   0.26200,
,,,20.990900000000,   0.27600,
,,,20.991000000000,   0.25600,
,,,20.991100000000,   0.28200,
,,,20.991200000000,   0.25200,
,,,20.991300000000,   0.28400,
,,,20.991400000000,   0.25800,
,,,20.991500000000,   0.28400,
,,,20.991600000000,   0.24600,
,,,20.991700000000,   0.28800,
,,,20.991800000000,   0.25600,
,,,20.991900000000,   0.28200,
,,,20.992000000000,   0.25200,
,,,20.992100000000,   0.28400,
,,,20.992200000000,   0.25600,
,,,20.992300000000,   0.28400,
,,,20.992400000000,   0.26000,
,,,20.992500000000,   0.27400,
,,,20.992600000000,   0.26000,
,,,20.992700000000,   0.26600,
,,,20.992800000000,   0.26400,
,,,20.992900000000,   0.26600,
,,,20.993000000000,   0.27000,
,,,20.993100000000,   0.26600,
,,,20.993200000000,   0.27600,
,,,20.993300000000,   0.26200,
,,,20.993400000000,   0.27600,
,,,20.993500000000,   0.26000,
,,,20.993600000000,   0.28600,
,,,20.993700000000,   0.25200,
,,,20.993800000000,   0.28000,
,,,20.993900000000,   0.25200,
,,,20.994000000000,   0.29000,
,,,20.994100000000,   0.25800,
,,,20.994200000000,   0.28400,
,,,20.994300000000,   0.25000,
,,,20.994400000000,   0.28000,
,,,20.994500000000,   0.25400,
,,,20.994600000000,   0.27800,
,,,20.994700000000,   0.08200,
,,,20.994800000000,   0.02400,
,,,20.994900000000,   0.02200,
,,,20.995000000000,   0.02400,
,,,20.995100000000,   0.02400,
,,,20.995200000000,   0.02400,
,,,20.995300000000,   0.02400,
,,,20.995400000000,   0.02200,
,,,20.995500000000,   0.02400,
,,,20.995600000000,   0.02000,
,,,20.995700000000,   0.02200,
,,,20.995800000000,   0.02200,
,,,20.995900000000,   0.02400,
,,,20.996000000000,   0.02200,
,,,20.996100000000,   0.02400,
,,,20.996200000000,   0.02200,
,,,20.996300000000,   0.02200,
,,,20.996400000000,   0.02400,
,,,20.996500000000,   0.02200,
,,,20.996600000000,   0.02200,
,,,20.996700000000,   0.02200,
,,,20.996800000000,   0.02200,
,,,20.996900000000,   0.02400,
,,,20.997000000000,   0.02400,
,,,20.997100000000,   0.02400,
,,,20.997200000000,   0.02200,
,,,20.997300000000,   0.02200,
,,,20.997400000000,   0.02200,
,,,20.997500000000,   0.02400,
,,,20.997600000000,   0.02200,
,,,20.997700000000,   0.02200,
,,,20.997800000000,   0.02400,
,,,20.997900000000,   0.02200,
,,,20.998000000000,   0.02800,
,,,20.998100000000,   0.02000,
,,,20.998200000000,   0.02000,
,,,20.998300000000,   0.02200,
,,,20.998400000000,   0.02400,
,,,20.998500000000,   0.02000,
,,,20.998600000000,   0.02400,
,,,20.998700000000,   0.02400,
,,,20.998800000000,   0.02800,
,,,20.998900000000,   0.02200,
,,,20.999000000000,   0.02000,
,,,20.999100000000,   0.02000,
,,,20.999200000000,   0.02200,
,,,20.999300000000,   0.02600,
,,,20.999400000000,   0.02600,
,,,20.999500000000,   0.02400,
,,,20.999600000000,   0.02000,
,,,20.999700000000,   0.02200,
,,,20.999800000000,   0.02000,
,,,20.999900000000,   0.02200,
,,,21.000000000000,   0.02400,
,,,21.000100000000,   0.02400,
,,,21.000200000000,   0.02200,
,,,21.000300000000,   0.02400,
,,,21.000400000000,   0.02200,
,,,21.000500000000,   0.02400,
,,,21.000600000000,   0.02400,
,,,21.000700000000,   0.02200,
,,,21.000800000000,   0.02400,
,,,21.000900000000,   0.02200,
,,,21.001000000000,   0.02200,
,,,21.001100000000,   0.02200,
,,,21.001200000000,   0.02400,
,,,21.001300000000,   0.02200,
,,,21.001400000000,   0.02400,
,,,21.001500000000,   0.02200,
,,,21.001600000000,   0.02400,
,,,21.001700000000,   0.02600,
,,,21.001800000000,   0.02200,
,,,21.001900000000,   0.02000,
,,,21.002000000000,   0.02400,
,,,21.002100000000,   0.02600,
,,,21.002200000000,   0.02600,
,,,21.002300000000,   0.02400,
,,,21.002400000000,   0.02400,
,,,21.002500000000,   0.02400,
,,,21.002600000000,   0.01800,
,,,21.002700000000,   0.02600,
,,,21.002800000000,   0.02200,
,,,21.002900000000,   0.02600,
,,,21.003000000000,   0.02800,
,,,21.003100000000,   0.02200,
,,,21.003200000000,   0.02200,
,,,21.003300000000,   0.02400,
,,,21.003400000000,   0.02600,
,,,21.003500000000,   0.02400,
,,,21.003600000000,   0.02200,
,,,21.003700000000,   0.02400,
,,,21.003800000000,   0.02400,
,,,21.003900000000,   0.02400,
,,,21.004000000000,   0.02800,
,,,21.004100000000,   0.02600,
,,,21.004200000000,   0.02400,
,,,21.004300000000,   0.02200,
,,,21.004400000000,   0.02000,
,,,21.004500000000,   0.02400,
,,,21.004600000000,   0.02400,
,,,21.004700000000,   0.02200,
,,,21.004800000000,   0.02200,
,,,21.004900000000,   0.02400,
,,,21.005000000000,   0.02000,
,,,21.005100000000,   0.02200,
,,,21.005200000000,   0.02000,
,,,21.005300000000,   0.02000,
,,,21.005400000000,   0.02000,
,,,21.005500000000,   0.02400,
,,,21.005600000000,   0.02400,
,,,21.005700000000,   0.02200,
,,,21.005800000000,   0.02200,
,,,21.005900000000,   0.02400,
,,,21.006000000000,   0.02400,
,,,21.006100000000,   0.02400,
,,,21.006200000000,   0.02200,
,,,21.006300000000,   0.02200,
,,,21.006400000000,   0.02400,
,,,21.006500000000,   0.02400,
,,,21.006600000000,   0.02200,
,,,21.006700000000,   0.02400,
,,,21.006800000000,   0.02600,
,,,21.006900000000,   0.02200,
,,,21.007000000000,   0.02400,
,,,21.007100000000,   0.02400,
,,,21.007200000000,   0.02400,
,,,21.007300000000,   0.02400,
,,,21.007400000000,   0.02200,
,,,21.007500000000,   0.02200,
,,,21.007600000000,   0.02000,
,,,21.007700000000,   0.02400,
,,,21.007800000000,   0.02200,
,,,21.007900000000,   0.02600,
,,,21.008000000000,   0.02400,
,,,21.008100000000,   0.02600,
,,,21.008200000000,   0.02200,
,,,21.008300000000,   0.01800,
,,,21.008400000000,   0.02600,
,,,21.008500000000,   0.02400,
,,,21.008600000000,   0.02400,
,,,21.008700000000,   0.02000,
,,,21.008800000000,   0.02400,
,,,21.008900000000,   0.02600,
,,,21.009000000000,   0.02200,
,,,21.009100000000,   0.02400,
,,,21.009200000000,   0.02400,
,,,21.009300000000,   0.02200,
,,,21.009400000000,   0.02400,
,,,21.009500000000,   0.02600,
,,,21.009600000000,   0.02400,
,,,21.009700000000,   0.02800,
,,,21.009800000000,   0.02400,
,,,21.009900000000,   0.02400,
,,,21.010000000000,   0.02000,
,,,21.010100000000,   0.02400,
,,,21.010200000000,   0.02200,
,,,21.010300000000,   0.02400,
,,,21.010400000000,   0.02200,
,,,21.010500000000,   0.02200,
,,,21.010600000000,   0.02400,
,,,21.010700000000,   0.02200,
,,,21.010800000000,   0.02200,
,,,21.010900000000,   0.02200,
,,,21.011000000000,   0.02400,
,,,21.011100000000,   0.02600,
,,,21.011200000000,   0.01800,
,,,21.011300000000,   0.02400,
,,,21.011400000000,   0.02200,
,,,21.011500000000,   0.02400,
,,,21.011600000000,   0.02400,
,,,21.011700000000,   0.02200,
,,,21.011800000000,   0.02200,
,,,21.011900000000,   0.02200,
,,,21.012000000000,   0.02000,
,,,21.012100000000,   0.02400,
,,,21.012200000000,   0.02200,
,,,21.012300000000,   0.02400,
,,,21.012400000000,   0.02200,
,,,21.012500000000,   0.02200,
,,,21.012600000000,   0.02600,
,,,21.012700000000,   0.02200,
,,,21.012800000000,   0.02200,
,,,21.012900000000,   0.02200,
,,,21.013000000000,   0.02200,
,,,21.013100000000,   0.02600,
,,,21.013200000000,   0.02600,
,,,21.013300000000,   0.02000,
,,,21.013400000000,   0.02400,
,,,21.013500000000,   0.02400,
,,,21.013600000000,   0.02600,
,,,21.013700000000,   0.02200,
,,,21.013800000000,   0.02400,
,,,21.013900000000,   0.02600,
,,,21.014000000000,   0.02200,
,,,21.014100000000,   0.02400,
,,,21.014200000000,   0.02400,
,,,21.014300000000,   0.02200,
,,,21.014400000000,   0.02400,
,,,21.014500000000,   0.02400,
,,,21.014600000000,   0.02600,
,,,21.014700000000,   0.02200,
,,,21.014800000000,   0.02600,
,,,21.014900000000,   0.02200,
,,,21.015000000000,   0.02400,
,,,21.015100000000,   0.01800,
,,,21.015200000000,   0.02000,
,,,21.015300000000,   0.02200,
,,,21.015400000000,   0.02400,
,,,21.015500000000,   0.02000,
,,,21.015600000000,   0.02400,
,,,21.015700000000,   0.02600,
,,,21.015800000000,   0.02000,
,,,21.015900000000,   0.02000,
,,,21.016000000000,   0.02400,
,,,21.016100000000,   0.02400,
,,,21.016200000000,   0.02200,
,,,21.016300000000,   0.02400,
,,,21.016400000000,   0.02400,
,,,21.016500000000,   0.02600,
,,,21.016600000000,   0.02400,
,,,21.016700000000,   0.02200,
,,,21.016800000000,   0.02200,
,,,21.016900000000,   0.02200,
,,,21.017000000000,   0.02600,
,,,21.017100000000,   0.02400,
,,,21.017200000000,   0.02200,
,,,21.017300000000,   0.02200,
,,,21.017400000000,   0.02400,
,,,21.017500000000,   0.02200,
,,,21.017600000000,   0.02200,
,,,21.017700000000,   0.02400,
,,,21.017800000000,   0.02400,
,,,21.017900000000,   0.02200,
,,,21.018000000000,   0.02200,
,,,21.018100000000,   0.02000,
,,,21.018200000000,   0.02200,
,,,21.018300000000,   0.02600,
,,,21.018400000000,   0.02800,
,,,21.018500000000,   0.02200,
,,,21.018600000000,   0.02400,
,,,21.018700000000,   0.02800,
,,,21.018800000000,   0.02600,
,,,21.018900000000,   0.02400,
,,,21.019000000000,   0.02200,
,,,21.019100000000,   0.02200,
,,,21.019200000000,   0.02200,
,,,21.019300000000,   0.02200,
,,,21.019400000000,   0.02400,
,,,21.019500000000,   0.02200,
,,,21.019600000000,   0.02400,
,,,21.019700000000,   0.02200,
,,,21.019800000000,   0.02400,
,,,21.019900000000,   0.02600,
,,,21.020000000000,   0.02200,
,,,21.020100000000,   0.02200,
,,,21.020200000000,   0.02200,
,,,21.020300000000,   0.02400,
,,,21.020400000000,   0.02200,
,,,21.020500000000,   0.02600,
,,,21.020600000000,   0.02200,
,,,21.020700000000,   0.02600,
,,,21.020800000000,   0.02400,
,,,21.020900000000,   0.02200,
,,,21.021000000000,   0.02600,
,,,21.021100000000,   0.02600,
,,,21.021200000000,   0.02200,
,,,21.021300000000,   0.02200,
,,,21.021400000000,   0.02400,
,,,21.021500000000,   0.02200,
,,,21.021600000000,   0.02800,
,,,21.021700000000,   0.02600,
,,,21.021800000000,   0.02200,
,,,21.021900000000,   0.02200,
,,,21.022000000000,   0.02200,
,,,21.022100000000,   0.02200,
,,,21.022200000000,   0.02000,
,,,21.022300000000,   0.02000,
,,,21.022400000000,   0.02400,
,,,21.022500000000,   0.02200,
,,,21.022600000000,   0.02400,
,,,21.022700000000,   0.01800,
,,,21.022800000000,   0.02600,
,,,21.022900000000,   0.02400,
,,,21.023000000000,   0.02200,
,,,21.023100000000,   0.02200,
,,,21.023200000000,   0.02200,
,,,21.023300000000,   0.02000,
,,,21.023400000000,   0.02400,
,,,21.023500000000,   0.02400,
,,,21.023600000000,   0.02400,
,,,21.023700000000,   0.02000,
,,,21.023800000000,   0.02200,
,,,21.023900000000,   0.02200,
,,,21.024000000000,   0.02200,
,,,21.024100000000,   0.02000,
,,,21.024200000000,   0.02200,
,,,21.024300000000,   0.02200,
,,,21.024400000000,   0.02200,
,,,21.024500000000,   0.02200,
,,,21.024600000000,   0.02400,
,,,21.024700000000,   0.02400,
,,,21.024800000000,   0.02200,
,,,21.024900000000,   0.02200,
,,,21.025000000000,   0.02200,
,,,21.025100000000,   0.02400,
,,,21.025200000000,   0.02200,
,,,21.025300000000,   0.02000,
,,,21.025400000000,   0.02200,
,,,21.025500000000,   0.02000,
,,,21.025600000000,   0.02200,
,,,21.025700000000,   0.02200,
,,,21.025800000000,   0.02400,
,,,21.025900000000,   0.02200,
,,,21.026000000000,   0.02200,
,,,21.026100000000,   0.02000,
,,,21.026200000000,   0.02400,
,,,21.026300000000,   0.02200,
,,,21.026400000000,   0.02200,
,,,21.026500000000,   0.02400,
,,,21.026600000000,   0.02400,
,,,21.026700000000,   0.02200,
,,,21.026800000000,   0.02600,
,,,21.026900000000,   0.02400,
,,,21.027000000000,   0.02000,
,,,21.027100000000,   0.02200,
,,,21.027200000000,   0.02200,
,,,21.027300000000,   0.02200,
,,,21.027400000000,   0.02200,
,,,21.027500000000,   0.02000,
,,,21.027600000000,   0.02400,
,,,21.027700000000,   0.02000,
,,,21.027800000000,   0.02000,
,,,21.027900000000,   0.02400,
,,,21.028000000000,   0.02600,
,,,21.028100000000,   0.02400,
,,,21.028200000000,   0.02400,
,,,21.028300000000,   0.02400,
,,,21.028400000000,   0.02400,
,,,21.028500000000,   0.02600,
,,,21.028600000000,   0.02800,
,,,21.028700000000,   0.02400,
,,,21.028800000000,   0.02400,
,,,21.028900000000,   0.02200,
,,,21.029000000000,   0.02400,
,,,21.029100000000,   0.02200,
,,,21.029200000000,   0.02200,
,,,21.029300000000,   0.02200,
,,,21.029400000000,   0.02400,
,,,21.029500000000,   0.02400,
,,,21.029600000000,   0.02600,
,,,21.029700000000,   0.02400,
,,,21.029800000000,   0.02400,
,,,21.029900000000,   0.02600,
,,,21.030000000000,   0.02200,
,,,21.030100000000,   0.02600,
,,,21.030200000000,   0.02400,
,,,21.030300000000,   0.02200,
,,,21.030400000000,   0.02200,
,,,21.030500000000,   0.02400,
,,,21.030600000000,   0.02600,
,,,21.030700000000,   0.02200,
,,,21.030800000000,   0.02200,
,,,21.030900000000,   0.02200,
,,,21.031000000000,   0.02200,
,,,21.031100000000,   0.02200,
,,,21.031200000000,   0.02200,
,,,21.031300000000,   0.02200,
,,,21.031400000000,   0.02200,
,,,21.031500000000,   0.02400,
,,,21.031600000000,   0.02600,
,,,21.031700000000,   0.02200,
,,,21.031800000000,   0.02600,
,,,21.031900000000,   0.02600,
,,,21.032000000000,   0.02400,
,,,21.032100000000,   0.02600,
,,,21.032200000000,   0.02400,
,,,21.032300000000,   0.02200,
,,,21.032400000000,   0.02200,
,,,21.032500000000,   0.02200,
,,,21.032600000000,   0.02200,
,,,21.032700000000,   0.02600,
,,,21.032800000000,   0.02200,
,,,21.032900000000,   0.02600,
,,,21.033000000000,   0.02200,
,,,21.033100000000,   0.02200,
,,,21.033200000000,   0.02200,
,,,21.033300000000,   0.02200,
,,,21.033400000000,   0.02000,
,,,21.033500000000,   0.02800,
,,,21.033600000000,   0.02400,
,,,21.033700000000,   0.02200,
,,,21.033800000000,   0.02200,
,,,21.033900000000,   0.02200,
,,,21.034000000000,   0.02200,
,,,21.034100000000,   0.02400,
,,,21.034200000000,   0.02400,
,,,21.034300000000,   0.02200,
,,,21.034400000000,   0.02600,
,,,21.034500000000,   0.02400,
,,,21.034600000000,   0.02200,
,,,21.034700000000,   0.02600,
,,,21.034800000000,   0.03200,
,,,21.034900000000,   0.03000,
,,,21.035000000000,   0.03000,
,,,21.035100000000,   0.03000,
,,,21.035200000000,   0.03400,
,,,21.035300000000,   0.03200,
,,,21.035400000000,   0.03000,
,,,21.035500000000,   0.03200,
,,,21.035600000000,   0.02800,
,,,21.035700000000,   0.03200,
,,,21.035800000000,   0.02600,
,,,21.035900000000,   0.02800,
,,,21.036000000000,   0.03000,
,,,21.036100000000,   0.03000,
,,,21.036200000000,   0.03200,
,,,21.036300000000,   0.03000,
,,,21.036400000000,   0.02800,
,,,21.036500000000,   0.03000,
,,,21.036600000000,   0.02800,
,,,21.036700000000,   0.03000,
,,,21.036800000000,   0.03000,
,,,21.036900000000,   0.02800,
,,,21.037000000000,   0.03000,
,,,21.037100000000,   0.03200,
,,,21.037200000000,   0.02800,
,,,21.037300000000,   0.03000,
,,,21.037400000000,   0.03000,
,,,21.037500000000,   0.03200,
,,,21.037600000000,   0.03200,
,,,21.037700000000,   0.03200,
,,,21.037800000000,   0.03000,
,,,21.037900000000,   0.03400,
,,,21.038000000000,   0.03400,
,,,21.038100000000,   0.03200,
,,,21.038200000000,   0.03000,
,,,21.038300000000,   0.03600,
,,,21.038400000000,   0.02800,
,,,21.038500000000,   0.03400,
,,,21.038600000000,   0.03400,
,,,21.038700000000,   0.03200,
,,,21.038800000000,   0.03400,
,,,21.038900000000,   0.03400,
,,,21.039000000000,   0.03200,
,,,21.039100000000,   0.03600,
,,,21.039200000000,   0.03200,
,,,21.039300000000,   0.03400,
,,,21.039400000000,   0.03800,
,,,21.039500000000,   0.03600,
,,,21.039600000000,   0.03600,
,,,21.039700000000,   0.03400,
,,,21.039800000000,   0.03600,
,,,21.039900000000,   0.03400,
,,,21.040000000000,   0.03800,
,,,21.040100000000,   0.03600,
,,,21.040200000000,   0.03800,
,,,21.040300000000,   0.03600,
,,,21.040400000000,   0.04000,
,,,21.040500000000,   0.03600,
,,,21.040600000000,   0.04000,
,,,21.040700000000,   0.03600,
,,,21.040800000000,   0.04000,
,,,21.040900000000,   0.03800,
,,,21.041000000000,   0.04000,
,,,21.041100000000,   0.04000,
,,,21.041200000000,   0.03800,
,,,21.041300000000,   0.03600,
,,,21.041400000000,   0.04200,
,,,21.041500000000,   0.04000,
,,,21.041600000000,   0.04000,
,,,21.041700000000,   0.03800,
,,,21.041800000000,   0.04200,
,,,21.041900000000,   0.04000,
,,,21.042000000000,   0.04200,
,,,21.042100000000,   0.04200,
,,,21.042200000000,   0.04200,
,,,21.042300000000,   0.04400,
,,,21.042400000000,   0.04400,
,,,21.042500000000,   0.04200,
,,,21.042600000000,   0.04000,
,,,21.042700000000,   0.04000,
,,,21.042800000000,   0.04200,
,,,21.042900000000,   0.04400,
,,,21.043000000000,   0.04600,
,,,21.043100000000,   0.04200,
,,,21.043200000000,   0.04400,
,,,21.043300000000,   0.04600,
,,,21.043400000000,   0.04600,
,,,21.043500000000,   0.04600,
,,,21.043600000000,   0.04600,
,,,21.043700000000,   0.04600,
,,,21.043800000000,   0.04800,
,,,21.043900000000,   0.04600,
,,,21.044000000000,   0.04600,
,,,21.044100000000,   0.04800,
,,,21.044200000000,   0.04600,
,,,21.044300000000,   0.04800,
,,,21.044400000000,   0.05200,
,,,21.044500000000,   0.05200,
,,,21.044600000000,   0.04800,
,,,21.044700000000,   0.04800,
,,,21.044800000000,   0.05400,
,,,21.044900000000,   0.05000,
,,,21.045000000000,   0.05200,
,,,21.045100000000,   0.05000,
,,,21.045200000000,   0.05400,
,,,21.045300000000,   0.05200,
,,,21.045400000000,   0.05600,
,,,21.045500000000,   0.05200,
,,,21.045600000000,   0.05800,
,,,21.045700000000,   0.05400,
,,,21.045800000000,   0.06200,
,,,21.045900000000,   0.05800,
,,,21.046000000000,   0.06000,
,,,21.046100000000,   0.05800,
,,,21.046200000000,   0.06000,
,,,21.046300000000,   0.06000,
,,,21.046400000000,   0.06400,
,,,21.046500000000,   0.06200,
,,,21.046600000000,   0.06400,
,,,21.046700000000,   0.06800,
,,,21.046800000000,   0.06400,
,,,21.046900000000,   0.06800,
,,,21.047000000000,   0.06600,
,,,21.047100000000,   0.07000,
,,,21.047200000000,   0.06600,
,,,21.047300000000,   0.07000,
,,,21.047400000000,   0.07200,
,,,21.047500000000,   0.07400,
,,,21.047600000000,   0.06600,
,,,21.047700000000,   0.07600,
,,,21.047800000000,   0.06800,
,,,21.047900000000,   0.07600,
,,,21.048000000000,   0.07600,
,,,21.048100000000,   0.07800,
,,,21.048200000000,   0.07200,
,,,21.048300000000,   0.07800,
,,,21.048400000000,   0.07600,
,,,21.048500000000,   0.07800,
,,,21.048600000000,   0.07800,
,,,21.048700000000,   0.08000,
,,,21.048800000000,   0.07800,
,,,21.048900000000,   0.07800,
,,,21.049000000000,   0.08200,
,,,21.049100000000,   0.07800,
,,,21.049200000000,   0.08800,
,,,21.049300000000,   0.08000,
,,,21.049400000000,   0.08400,
,,,21.049500000000,   0.08200,
,,,21.049600000000,   0.09000,
,,,21.049700000000,   0.08000,
,,,21.049800000000,   0.09000,
,,,21.049900000000,   0.08000,
,,,21.050000000000,   0.09000,
,,,21.050100000000,   0.08000,
,,,21.050200000000,   0.09000,
,,,21.050300000000,   0.08200,
,,,21.050400000000,   0.09200,
,,,21.050500000000,   0.08800,
,,,21.050600000000,   0.09400,
,,,21.050700000000,   0.08600,
,,,21.050800000000,   0.08800,
,,,21.050900000000,   0.08600,
,,,21.051000000000,   0.09200,
,,,21.051100000000,   0.09400,
,,,21.051200000000,   0.09200,
,,,21.051300000000,   0.09000,
,,,21.051400000000,   0.08600,
,,,21.051500000000,   0.09200,
,,,21.051600000000,   0.08200,
,,,21.051700000000,   0.09800,
,,,21.051800000000,   0.08600,
,,,21.051900000000,   0.10000,
,,,21.052000000000,   0.08800,
,,,21.052100000000,   0.10200,
,,,21.052200000000,   0.08600,
,,,21.052300000000,   0.10000,
,,,21.052400000000,   0.08800,
,,,21.052500000000,   0.09800,
,,,21.052600000000,   0.09200,
,,,21.052700000000,   0.10000,
,,,21.052800000000,   0.09200,
,,,21.052900000000,   0.09200,
,,,21.053000000000,   0.09200,
,,,21.053100000000,   0.09600,
,,,21.053200000000,   0.09000,
,,,21.053300000000,   0.09600,
,,,21.053400000000,   0.09400,
,,,21.053500000000,   0.09600,
,,,21.053600000000,   0.09800,
,,,21.053700000000,   0.09600,
,,,21.053800000000,   0.09800,
,,,21.053900000000,   0.09400,
,,,21.054000000000,   0.10000,
,,,21.054100000000,   0.09400,
,,,21.054200000000,   0.10200,
,,,21.054300000000,   0.09400,
,,,21.054400000000,   0.10200,
,,,21.054500000000,   0.09000,
,,,21.054600000000,   0.10600,
,,,21.054700000000,   0.09800,
,,,21.054800000000,   0.10200,
,,,21.054900000000,   0.09800,
,,,21.055000000000,   0.10800,
,,,21.055100000000,   0.10000,
,,,21.055200000000,   0.10200,
,,,21.055300000000,   0.09600,
,,,21.055400000000,   0.10600,
,,,21.055500000000,   0.10200,
,,,21.055600000000,   0.10000,
,,,21.055700000000,   0.10200,
,,,21.055800000000,   0.10400,
,,,21.055900000000,   0.10800,
,,,21.056000000000,   0.10200,
,,,21.056100000000,   0.10200,
,,,21.056200000000,   0.09800,
,,,21.056300000000,   0.10600,
,,,21.056400000000,   0.10200,
,,,21.056500000000,   0.10800,
,,,21.056600000000,   0.10000,
,,,21.056700000000,   0.11000,
,,,21.056800000000,   0.09800,
,,,21.056900000000,   0.10600,
,,,21.057000000000,   0.10000,
,,,21.057100000000,   0.10800,
,,,21.057200000000,   0.10200,
,,,21.057300000000,   0.11000,
,,,21.057400000000,   0.09600,
,,,21.057500000000,   0.10800,
,,,21.057600000000,   0.10000,
,,,21.057700000000,   0.10600,
,,,21.057800000000,   0.09800,
,,,21.057900000000,   0.11200,
,,,21.058000000000,   0.10600,
,,,21.058100000000,   0.10400,
,,,21.058200000000,   0.10400,
,,,21.058300000000,   0.10400,
,,,21.058400000000,   0.10400,
,,,21.058500000000,   0.10200,
,,,21.058600000000,   0.11000,
,,,21.058700000000,   0.10600,
,,,21.058800000000,   0.11200,
,,,21.058900000000,   0.10200,
,,,21.059000000000,   0.11200,
,,,21.059100000000,   0.10000,
,,,21.059200000000,   0.10800,
,,,21.059300000000,   0.10400,
,,,21.059400000000,   0.11400,
,,,21.059500000000,   0.09600,
,,,21.059600000000,   0.11200,
,,,21.059700000000,   0.10200,
,,,21.059800000000,   0.11400,
,,,21.059900000000,   0.10400,
,,,21.060000000000,   0.11000,
,,,21.060100000000,   0.10200,
,,,21.060200000000,   0.11000,
,,,21.060300000000,   0.09800,
,,,21.060400000000,   0.11000,
,,,21.060500000000,   0.10000,
,,,21.060600000000,   0.11200,
,,,21.060700000000,   0.10200,
,,,21.060800000000,   0.10800,
,,,21.060900000000,   0.10000,
,,,21.061000000000,   0.10800,
,,,21.061100000000,   0.10600,
,,,21.061200000000,   0.10600,
,,,21.061300000000,   0.10600,
,,,21.061400000000,   0.10200,
,,,21.061500000000,   0.10600,
,,,21.061600000000,   0.10600,
,,,21.061700000000,   0.10800,
,,,21.061800000000,   0.10600,
,,,21.061900000000,   0.10800,
,,,21.062000000000,   0.10400,
,,,21.062100000000,   0.10600,
,,,21.062200000000,   0.10400,
,,,21.062300000000,   0.11000,
,,,21.062400000000,   0.10000,
,,,21.062500000000,   0.11000,
,,,21.062600000000,   0.10200,
,,,21.062700000000,   0.10600,
,,,21.062800000000,   0.10200,
,,,21.062900000000,   0.11000,
,,,21.063000000000,   0.10000,
,,,21.063100000000,   0.11200,
,,,21.063200000000,   0.10400,
,,,21.063300000000,   0.10600,
,,,21.063400000000,   0.10600,
,,,21.063500000000,   0.10600,
,,,21.063600000000,   0.10200,
,,,21.063700000000,   0.10400,
,,,21.063800000000,   0.10200,
,,,21.063900000000,   0.10400,
,,,21.064000000000,   0.10200,
,,,21.064100000000,   0.10400,
,,,21.064200000000,   0.10600,
,,,21.064300000000,   0.10200,
,,,21.064400000000,   0.10800,
,,,21.064500000000,   0.10000,
,,,21.064600000000,   0.11200,
,,,21.064700000000,   0.10000,
,,,21.064800000000,   0.11000,
,,,21.064900000000,   0.09800,
,,,21.065000000000,   0.11000,
,,,21.065100000000,   0.09400,
,,,21.065200000000,   0.10800,
,,,21.065300000000,   0.09400,
,,,21.065400000000,   0.11000,
,,,21.065500000000,   0.09800,
,,,21.065600000000,   0.10800,
,,,21.065700000000,   0.10200,
,,,21.065800000000,   0.11000,
,,,21.065900000000,   0.10200,
,,,21.066000000000,   0.10800,
,,,21.066100000000,   0.10600,
,,,21.066200000000,   0.10800,
,,,21.066300000000,   0.10400,
,,,21.066400000000,   0.10200,
,,,21.066500000000,   0.10600,
,,,21.066600000000,   0.10000,
,,,21.066700000000,   0.10400,
,,,21.066800000000,   0.09800,
,,,21.066900000000,   0.10800,
,,,21.067000000000,   0.10400,
,,,21.067100000000,   0.10800,
,,,21.067200000000,   0.10000,
,,,21.067300000000,   0.11000,
,,,21.067400000000,   0.09600,
,,,21.067500000000,   0.11000,
,,,21.067600000000,   0.10000,
,,,21.067700000000,   0.10800,
,,,21.067800000000,   0.09800,
,,,21.067900000000,   0.10600,
,,,21.068000000000,   0.10600,
,,,21.068100000000,   0.10200,
,,,21.068200000000,   0.10400,
,,,21.068300000000,   0.10600,
,,,21.068400000000,   0.10200,
,,,21.068500000000,   0.10200,
,,,21.068600000000,   0.10400,
,,,21.068700000000,   0.10000,
,,,21.068800000000,   0.10000,
,,,21.068900000000,   0.09600,
,,,21.069000000000,   0.10600,
,,,21.069100000000,   0.10600,
,,,21.069200000000,   0.11000,
,,,21.069300000000,   0.09800,
,,,21.069400000000,   0.10400,
,,,21.069500000000,   0.10200,
,,,21.069600000000,   0.10200,
,,,21.069700000000,   0.10200,
,,,21.069800000000,   0.10600,
,,,21.069900000000,   0.09800,
,,,21.070000000000,   0.10600,
,,,21.070100000000,   0.09800,
,,,21.070200000000,   0.10800,
,,,21.070300000000,   0.10200,
,,,21.070400000000,   0.10800,
,,,21.070500000000,   0.10000,
,,,21.070600000000,   0.10200,
,,,21.070700000000,   0.09600,
,,,21.070800000000,   0.10400,
,,,21.070900000000,   0.10000,
,,,21.071000000000,   0.10600,
,,,21.071100000000,   0.10000,
,,,21.071200000000,   0.10400,
,,,21.071300000000,   0.10000,
,,,21.071400000000,   0.10000,
,,,21.071500000000,   0.10400,
,,,21.071600000000,   0.09600,
,,,21.071700000000,   0.10200,
,,,21.071800000000,   0.10000,
,,,21.071900000000,   0.11200,
,,,21.072000000000,   0.09600,
,,,21.072100000000,   0.10600,
,,,21.072200000000,   0.09600,
,,,21.072300000000,   0.10400,
,,,21.072400000000,   0.09600,
,,,21.072500000000,   0.10600,
,,,21.072600000000,   0.10000,
,,,21.072700000000,   0.10200,
,,,21.072800000000,   0.09800,
,,,21.072900000000,   0.10200,
,,,21.073000000000,   0.09600,
,,,21.073100000000,   0.10200,
,,,21.073200000000,   0.09600,
,,,21.073300000000,   0.10200,
,,,21.073400000000,   0.09600,
,,,21.073500000000,   0.10000,
,,,21.073600000000,   0.09400,
,,,21.073700000000,   0.10200,
,,,21.073800000000,   0.09800,
,,,21.073900000000,   0.10200,
,,,21.074000000000,   0.10000,
,,,21.074100000000,   0.10000,
,,,21.074200000000,   0.10200,
,,,21.074300000000,   0.09600,
,,,21.074400000000,   0.10000,
,,,21.074500000000,   0.09600,
,,,21.074600000000,   0.10600,
,,,21.074700000000,   0.09200,
,,,21.074800000000,   0.10200,
,,,21.074900000000,   0.09600,
,,,21.075000000000,   0.10400,
,,,21.075100000000,   0.09200,
,,,21.075200000000,   0.10000,
,,,21.075300000000,   0.09600,
,,,21.075400000000,   0.10600,
,,,21.075500000000,   0.09600,
,,,21.075600000000,   0.10200,
,,,21.075700000000,   0.09800,
,,,21.075800000000,   0.10200,
,,,21.075900000000,   0.09600,
,,,21.076000000000,   0.10000,
,,,21.076100000000,   0.10000,
,,,21.076200000000,   0.10200,
,,,21.076300000000,   0.09600,
,,,21.076400000000,   0.09800,
,,,21.076500000000,   0.09800,
,,,21.076600000000,   0.09800,
,,,21.076700000000,   0.10400,
,,,21.076800000000,   0.09800,
,,,21.076900000000,   0.10000,
,,,21.077000000000,   0.09600,
,,,21.077100000000,   0.10400,
,,,21.077200000000,   0.09600,
,,,21.077300000000,   0.10200,
,,,21.077400000000,   0.09400,
,,,21.077500000000,   0.10200,
,,,21.077600000000,   0.09400,
,,,21.077700000000,   0.10200,
,,,21.077800000000,   0.09600,
,,,21.077900000000,   0.10000,
,,,21.078000000000,   0.09400,
,,,21.078100000000,   0.09600,
,,,21.078200000000,   0.09600,
,,,21.078300000000,   0.10200,
,,,21.078400000000,   0.09600,
,,,21.078500000000,   0.09600,
,,,21.078600000000,   0.09600,
,,,21.078700000000,   0.09400,
,,,21.078800000000,   0.10000,
,,,21.078900000000,   0.10000,
,,,21.079000000000,   0.10000,
,,,21.079100000000,   0.09600,
,,,21.079200000000,   0.10000,
,,,21.079300000000,   0.09600,
,,,21.079400000000,   0.10200,
,,,21.079500000000,   0.09600,
,,,21.079600000000,   0.09800,
,,,21.079700000000,   0.09200,
,,,21.079800000000,   0.10200,
,,,21.079900000000,   0.09600,
,,,21.080000000000,   0.10200,
,,,21.080100000000,   0.09800,
,,,21.080200000000,   0.10000,
,,,21.080300000000,   0.09600,
,,,21.080400000000,   0.10000,
,,,21.080500000000,   0.09800,
,,,21.080600000000,   0.09800,
,,,21.080700000000,   0.09800,
,,,21.080800000000,   0.10000,
,,,21.080900000000,   0.09800,
,,,21.081000000000,   0.09800,
,,,21.081100000000,   0.09600,
,,,21.081200000000,   0.10000,
,,,21.081300000000,   0.09800,
,,,21.081400000000,   0.09800,
,,,21.081500000000,   0.09600,
,,,21.081600000000,   0.09800,
,,,21.081700000000,   0.10200,
,,,21.081800000000,   0.09600,
,,,21.081900000000,   0.10000,
,,,21.082000000000,   0.09800,
,,,21.082100000000,   0.09800,
,,,21.082200000000,   0.10200,
,,,21.082300000000,   0.09800,
,,,21.082400000000,   0.09800,
,,,21.082500000000,   0.09400,
,,,21.082600000000,   0.10000,
,,,21.082700000000,   0.09800,
,,,21.082800000000,   0.09600,
,,,21.082900000000,   0.09600,
,,,21.083000000000,   0.09400,
,,,21.083100000000,   0.09000,
,,,21.083200000000,   0.09600,
,,,21.083300000000,   0.09600,
,,,21.083400000000,   0.09600,
,,,21.083500000000,   0.09400,
,,,21.083600000000,   0.10000,
,,,21.083700000000,   0.09800,
,,,21.083800000000,   0.09200,
,,,21.083900000000,   0.09400,
,,,21.084000000000,   0.09600,
,,,21.084100000000,   0.09600,
,,,21.084200000000,   0.09600,
,,,21.084300000000,   0.09400,
,,,21.084400000000,   0.10000,
,,,21.084500000000,   0.09800,
,,,21.084600000000,   0.09400,
,,,21.084700000000,   0.10000,
,,,21.084800000000,   0.09600,
,,,21.084900000000,   0.09600,
,,,21.085000000000,   0.09600,
,,,21.085100000000,   0.10200,
,,,21.085200000000,   0.09000,
,,,21.085300000000,   0.10000,
,,,21.085400000000,   0.09200,
,,,21.085500000000,   0.10200,
,,,21.085600000000,   0.09600,
,,,21.085700000000,   0.10000,
,,,21.085800000000,   0.09200,
,,,21.085900000000,   0.10000,
,,,21.086000000000,   0.09800,
,,,21.086100000000,   0.09400,
,,,21.086200000000,   0.09800,
,,,21.086300000000,   0.10000,
,,,21.086400000000,   0.10200,
,,,21.086500000000,   0.09600,
,,,21.086600000000,   0.10200,
,,,21.086700000000,   0.09600,
,,,21.086800000000,   0.10200,
,,,21.086900000000,   0.09200,
,,,21.087000000000,   0.10000,
,,,21.087100000000,   0.09600,
,,,21.087200000000,   0.10000,
,,,21.087300000000,   0.09400,
,,,21.087400000000,   0.09800,
,,,21.087500000000,   0.09400,
,,,21.087600000000,   0.10000,
,,,21.087700000000,   0.09800,
,,,21.087800000000,   0.10000,
,,,21.087900000000,   0.09600,
,,,21.088000000000,   0.10000,
,,,21.088100000000,   0.09800,
,,,21.088200000000,   0.09800,
,,,21.088300000000,   0.09600,
,,,21.088400000000,   0.09600,
,,,21.088500000000,   0.09400,
,,,21.088600000000,   0.09400,
,,,21.088700000000,   0.09600,
,,,21.088800000000,   0.09400,
,,,21.088900000000,   0.10000,
,,,21.089000000000,   0.09600,
,,,21.089100000000,   0.10200,
,,,21.089200000000,   0.09600,
,,,21.089300000000,   0.10600,
,,,21.089400000000,   0.09200,
,,,21.089500000000,   0.09800,
,,,21.089600000000,   0.09200,
,,,21.089700000000,   0.10200,
,,,21.089800000000,   0.09200,
,,,21.089900000000,   0.10000,
,,,21.090000000000,   0.09600,
,,,21.090100000000,   0.10000,
,,,21.090200000000,   0.09200,
,,,21.090300000000,   0.10000,
,,,21.090400000000,   0.09600,
,,,21.090500000000,   0.10000,
,,,21.090600000000,   0.09400,
,,,21.090700000000,   0.09200,
,,,21.090800000000,   0.09600,
,,,21.090900000000,   0.09400,
,,,21.091000000000,   0.10000,
,,,21.091100000000,   0.09800,
,,,21.091200000000,   0.09600,
,,,21.091300000000,   0.09400,
,,,21.091400000000,   0.09800,
,,,21.091500000000,   0.09400,
,,,21.091600000000,   0.09400,
,,,21.091700000000,   0.09600,
,,,21.091800000000,   0.10000,
,,,21.091900000000,   0.09600,
